AR,Span_m,RootChord_m,TipChord_m,MAC_m,K,L_over_D,TW_cruise,TW_req,TW_margin,Mroot_MNm,Score
8,37.2802630892004,7.03401190362272,2.28605386867738,5.06316139855107,0.0468102773799692,16.8616006886959,0.203801891663956,0.292892156862745,0.143765690376569,4.04787353770239,0.499999999999954
8.01,37.3035559768771,7.02961976338578,2.28462642310038,5.05999988628618,0.0467518375829905,16.8693772010772,0.203707942259958,0.292892156862745,0.143765690376569,4.05040266855689,0.49953206401595
8.02,37.3268343292061,7.0252358404378,2.28320164814228,5.0568442889189,0.0466935435211663,16.8771414701409,0.203614227143751,0.292892156862745,0.143765690376569,4.05293022117015,0.499074924195559
8.03,37.3500981733649,7.02086010918771,2.28177953548601,5.05369458802851,0.0466353946500316,16.884893524778,0.203520745440037,0.292892156862745,0.143765690376569,4.05545619849307,0.498628534206752
8.04,37.3733475364463,7.01649254415589,2.28036007685066,5.05055076527448,0.0465773904278301,16.8926333937888,0.203427496277875,0.292892156862745,0.143765690376569,4.05798060346737,0.498192847959209
8.05,37.3965824454588,7.01213311997353,2.2789432639914,5.04741280239604,0.0465195303154974,16.9003611058829,0.203334478790651,0.292892156862745,0.143765690376569,4.06050343902563,0.497767819602775
8.06,37.4198029273271,7.00778181138202,2.27752908869916,5.04428068121177,0.0464618137766444,16.90807668968,0.203241692116049,0.292892156862745,0.143765690376569,4.06302470809131,0.497353403525926
8.07,37.4430090088924,7.00343859323232,2.2761175428005,5.04115438361911,0.0464042402775407,16.9157801737098,0.203149135396032,0.292892156862745,0.143765690376569,4.06554441357883,0.496949554354272
8.08,37.4662007169128,6.99910344048437,2.27470861815742,5.03803389159394,0.0463468092870982,16.9234715864129,0.203056807776806,0.292892156862745,0.143765690376569,4.06806255839356,0.496556226949053
8.09,37.4893780780637,6.99477632820648,2.27330230666711,5.03491918719014,0.0462895202768546,16.9311509561406,0.202964708408802,0.292892156862745,0.143765690376569,4.0705791454319,0.496173376405638
8.1,37.5125411189378,6.99045723157471,2.27189860026178,5.03181025253916,0.0462323727209573,16.9388183111555,0.202872836446646,0.292892156862745,0.143765690376569,4.07309417758129,0.495800958052052
8.11,37.5356898660462,6.9861461258723,2.2704974909085,5.02870706984959,0.0461753660961472,16.9464736796318,0.202781191049131,0.292892156862745,0.143765690376569,4.07560765772028,0.495438927447514
8.12,37.5588243458179,6.98184298648905,2.26909897060894,5.02560962140674,0.0461184998817431,16.954117089656,0.202689771379196,0.292892156862745,0.143765690376569,4.07811958871852,0.495087240380968
8.13,37.5819445846007,6.97754778892074,2.26770303139924,5.02251788957219,0.0460617735596253,16.9617485692265,0.202598576603897,0.292892156862745,0.143765690376569,4.08062997343685,0.494745852869648
8.14,37.6050506086616,6.97326050876855,2.26630966534978,5.0194318567834,0.0460051866142204,16.9693681462546,0.202507605894386,0.292892156862745,0.143765690376569,4.08313881472732,0.494414721157635
8.15,37.6281424441866,6.96898112173847,2.264918864565,5.01635150555326,0.0459487385324851,16.9769758485646,0.20241685842588,0.292892156862745,0.143765690376569,4.08564611543319,0.494093801714435
8.16,37.6512201172817,6.96470960364072,2.26353062118323,5.01327681846969,0.0458924288038914,16.984571703894,0.20232633337764,0.292892156862745,0.143765690376569,4.08815187838904,0.493783051233571
8.17,37.6742836539728,6.96044593038919,2.26214492737649,5.01020777819523,0.0458362569204105,16.9921557398941,0.202236029932945,0.292892156862745,0.143765690376569,4.09065610642075,0.493482426631168
8.18,37.6973330802061,6.95619007800085,2.26076177535028,5.00714436746665,0.045780222376498,16.9997279841302,0.202145947279068,0.292892156862745,0.143765690376569,4.09315880234556,0.493191885044567
8.19,37.7203684218487,6.95194202259519,2.25938115734344,5.00408656909446,0.0457243246690786,17.0072884640819,0.202056084607252,0.292892156862745,0.143765690376569,4.09565996897209,0.492911383830941
8.2,37.7433897046887,6.94770174039368,2.25800306562795,5.00103436596262,0.0456685632975309,17.0148372071436,0.201966441112685,0.292892156862745,0.143765690376569,4.09815960910041,0.492640880565927
8.21,37.7663969544356,6.94346920771918,2.25662749250873,4.99798774102805,0.0456129377636728,17.0223742406245,0.201877015994474,0.292892156862745,0.143765690376569,4.10065772552204,0.492380333042254
8.22,37.7893901967206,6.93924440099537,2.2552544303235,4.99494667732026,0.0455574475717462,17.0298995917494,0.201787808455627,0.292892156862745,0.143765690376569,4.10315432102,0.492129699268394
8.23,37.812369457097,6.93502729674628,2.25388387144254,4.99191115794095,0.0455020922284026,17.0374132876585,0.201698817703022,0.292892156862745,0.143765690376569,4.10564939836887,0.491888937467235
8.24,37.8353347610405,6.93081787159562,2.25251580826858,4.98888116606364,0.0454468712426886,17.0449153554083,0.20161004294739,0.292892156862745,0.143765690376569,4.10814296033478,0.491658006074717
8.25,37.8582861339496,6.92661610226636,2.25115023323657,4.98585668493324,0.0453917841260308,17.0524058219713,0.201521483403286,0.292892156862745,0.143765690376569,4.11063500967548,0.491436863738548
8.26,37.8812236011457,6.9224219655801,2.24978713881353,4.98283769786568,0.045336830392222,17.0598847142369,0.201433138289071,0.292892156862745,0.143765690376569,4.11312554914037,0.491225469316858
8.27,37.9041471878738,6.91823543845658,2.24842651749839,4.97982418824752,0.0452820095574067,17.0673520590113,0.201345006826886,0.292892156862745,0.143765690376569,4.11561458147052,0.491023781876908
8.28,37.9270569193023,6.91405649791311,2.24706836182176,4.97681613953557,0.0452273211400669,17.074807883018,0.201257088242629,0.292892156862745,0.143765690376569,4.11810210939874,0.490831760693813
8.29,37.949952820524,6.90988512106408,2.24571266434582,4.9738135352565,0.0451727646610077,17.0822522128983,0.201169381765933,0.292892156862745,0.143765690376569,4.12058813564956,0.490649365249231
8.3,37.9728349165558,6.9057212851204,2.24435941766413,4.97081635900648,0.0451183396433438,17.0896850752112,0.201081886630145,0.292892156862745,0.143765690376569,4.12307266293931,0.490476555230098
8.31,37.9957032323393,6.90156496738902,2.24300861440143,4.96782459445077,0.0450640456124854,17.0971064964339,0.200994602072301,0.292892156862745,0.143765690376569,4.12555569397614,0.490313290527374
8.32,38.0185577927412,6.89741614527234,2.24166024721351,4.96483822532339,0.0450098820961242,17.1045165029625,0.200907527333106,0.292892156862745,0.143765690376569,4.12803723146007,0.490159531234778
8.33,38.0413986225533,6.89327479626778,2.24031430878703,4.96185723542672,0.0449558486242201,17.1119151211115,0.20082066165691,0.292892156862745,0.143765690376569,4.13051727808298,0.490015237647531
8.34,38.0642257464933,6.8891408979672,2.23897079183934,4.9588816086311,0.0449019447289873,17.1193023771149,0.200734004291688,0.292892156862745,0.143765690376569,4.1329958365287,0.489880370261139
8.35,38.0870391892045,6.8850144280564,2.23762968911833,4.95591132887456,0.0448481699448807,17.1266782971261,0.200647554489017,0.292892156862745,0.143765690376569,4.135472909473,0.489754889770145
8.36,38.1098389752568,6.88089536431467,2.23629099340227,4.95294638016235,0.044794523808583,17.1340429072183,0.200561311504057,0.292892156862745,0.143765690376569,4.13794849958366,0.48963875706693
8.37,38.1326251291463,6.8767836846142,2.23495469749961,4.94998674656663,0.0447410058589909,17.1413962333848,0.200475274595523,0.292892156862745,0.143765690376569,4.14042260952046,0.489531933240478
8.38,38.1553976752962,6.87267936691966,2.23362079424889,4.94703241222613,0.0446876156372021,17.1487383015392,0.200389443025674,0.292892156862745,0.143765690376569,4.14289524193525,0.489434379575193
8.39,38.1781566380568,6.86858238928766,2.23228927651849,4.94408336134574,0.0446343526865022,17.156069137516,0.200303816060282,0.292892156862745,0.143765690376569,4.14536639947198,0.489346057549698
8.4,38.2009020417058,6.86449272986627,2.23096013720654,4.94113957819619,0.0445812165523516,17.1633887670706,0.200218392968618,0.292892156862745,0.143765690376569,4.14783608476671,0.489266928835647
8.41,38.2236339104486,6.86041036689452,2.22963336924072,4.93820104711369,0.0445282067823726,17.1706972158797,0.200133173023425,0.292892156862745,0.143765690376569,4.15030430044766,0.489196955296553
8.42,38.246352268419,6.85633527870193,2.22830896557813,4.93526775249959,0.0444753229263366,17.1779945095416,0.200048155500905,0.292892156862745,0.143765690376569,4.15277104913525,0.489136098986625
8.43,38.2690571396788,6.85226744370801,2.2269869192051,4.93233967882001,0.0444225645361511,17.1852806735768,0.199963339680693,0.292892156862745,0.143765690376569,4.15523633344211,0.489084322149602
8.44,38.2917485482186,6.84820684042182,2.22566722313709,4.92941681060551,0.0443699311658476,17.1925557334276,0.199878724845837,0.292892156862745,0.143765690376569,4.15770015597313,0.489041587217598
8.45,38.314426517958,6.84415344744141,2.22434987041846,4.92649913245075,0.0443174223715685,17.1998197144591,0.199794310282779,0.292892156862745,0.143765690376569,4.16016251932548,0.489007856809972
8.46,38.3370910727457,6.84010724345345,2.22303485412237,4.92358662901413,0.0442650377115548,17.207072641959,0.199710095281335,0.292892156862745,0.143765690376569,4.16262342608865,0.488983093732186
8.47,38.3597422363602,6.83606820723267,2.22172216735062,4.92067928501748,0.0442127767461339,17.2143145411382,0.199626079134677,0.292892156862745,0.143765690376569,4.1650828788445,0.488967260974671
8.48,38.3823800325097,6.83203631764146,2.22041180323347,4.91777708524569,0.0441606390377068,17.2215454371311,0.199542261139308,0.292892156862745,0.143765690376569,4.16754088016724,0.488960321711726
8.49,38.4050044848324,6.82801155362934,2.21910375492954,4.91488001454641,0.0441086241507366,17.2287653549957,0.199458640595048,0.292892156862745,0.143765690376569,4.16999743262351,0.488962239300403
8.5,38.4276156168972,6.82399389423257,2.21779801562559,4.91198805782967,0.0440567316517357,17.2359743197137,0.199375216805009,0.292892156862745,0.143765690376569,4.17245253877239,0.488972977279389
8.51,38.4502134522034,6.81998331857364,2.21649457853643,4.90910120006763,0.0440049611092543,17.2431723561916,0.199291989075581,0.292892156862745,0.143765690376569,4.17490620116545,0.488992499367928
8.52,38.4727980141814,6.81597980586082,2.21519343690477,4.90621942629416,0.0439533120938678,17.2503594892599,0.19920895671641,0.292892156862745,0.143765690376569,4.17735842234674,0.489020769464737
8.53,38.495369326193,6.81198333538773,2.21389458400101,4.90334272160456,0.0439017841781657,17.2575357436744,0.199126119040378,0.292892156862745,0.143765690376569,4.17980920485287,0.489057751646909
8.54,38.5179274115314,6.80799388653288,2.21259801312319,4.90047107115527,0.0438503769367393,17.2647011441156,0.199043475363589,0.292892156862745,0.143765690376569,4.18225855121301,0.489103410168865
8.55,38.5404722934216,6.8040114387592,2.21130371759674,4.89760446016346,0.04379908994617,17.2718557151896,0.198961025005341,0.292892156862745,0.143765690376569,4.18470646394892,0.489157709461267
8.56,38.5630039950209,6.80003597161364,2.21001169077443,4.8947428739068,0.043747922785018,17.2789994814284,0.198878767288117,0.292892156862745,0.143765690376569,4.18715294557501,0.489220614129989
8.57,38.5855225394188,6.79606746472669,2.20872192603617,4.89188629772308,0.0436968750338102,17.2861324672894,0.198796701537562,0.292892156862745,0.143765690376569,4.18959799859831,0.489292088955035
8.58,38.6080279496376,6.79210589781196,2.20743441678889,4.88903471700993,0.0436459462750296,17.2932546971568,0.198714827082462,0.292892156862745,0.143765690376569,4.19204162551859,0.489372098889532
8.59,38.6305202486324,6.78815125066575,2.20614915646637,4.88618811722449,0.0435951360931029,17.3003661953411,0.198633143254731,0.292892156862745,0.143765690376569,4.19448382882829,0.489460609058672
8.6,38.6529994592916,6.78420350316659,2.20486613852914,4.88334648388312,0.04354444407439,17.3074669860794,0.198551649389391,0.292892156862745,0.143765690376569,4.19692461101264,0.489557584758703
8.61,38.6754656044371,6.78026263527485,2.20358535646433,4.88050980256105,0.0434938698071723,17.3145570935362,0.19847034482455,0.292892156862745,0.143765690376569,4.19936397454961,0.489662991455895
8.62,38.6979187068245,6.77632862703227,2.20230680378549,4.8776780588921,0.043443412881642,17.3216365418031,0.198389228901392,0.292892156862745,0.143765690376569,4.20180192191001,0.489776794785536
8.63,38.7203587891435,6.77240145856157,2.20103047403251,4.87485123856838,0.0433930728898904,17.3287053548995,0.19830830096415,0.292892156862745,0.143765690376569,4.20423845555746,0.489898960550929
8.64,38.7427858740179,6.76848111006602,2.19975636077146,4.87202932733997,0.0433428494258974,17.3357635567725,0.198227560360096,0.292892156862745,0.143765690376569,4.20667357794847,0.490029454722394
8.65,38.7651999840063,6.76456756182899,2.19848445759442,4.86921231101464,0.0432927420855207,17.3428111712976,0.19814700643952,0.292892156862745,0.143765690376569,4.20910729153241,0.490168243436268
8.66,38.7876011416019,6.76066079421359,2.19721475811942,4.86640017545752,0.0432427504664843,17.3498482222784,0.198066638555712,0.292892156862745,0.143765690376569,4.2115395987516,0.490315292993932
8.67,38.8099893692333,6.75676078766221,2.19594725599022,4.86359290659082,0.0431928741683684,17.3568747334475,0.197986456064947,0.292892156862745,0.143765690376569,4.21397050204132,0.490470569860837
8.68,38.832364689264,6.75286752269612,2.19468194487624,4.86079049039353,0.0431431127925984,17.3638907284663,0.197906458326464,0.292892156862745,0.143765690376569,4.2164000038298,0.490634040665524
8.69,38.8547271239935,6.74898097991507,2.1934188184724,4.85799291290113,0.0430934659424343,17.3708962309255,0.197826644702454,0.292892156862745,0.143765690376569,4.21882810653829,0.490805672198656
8.7,38.877076695657,6.74510113999689,2.19215787049899,4.85520016020531,0.0430439332229602,17.3778912643451,0.19774701455804,0.292892156862745,0.143765690376569,4.22125481258109,0.490985431412091
8.71,38.8994134264259,6.74122798369705,2.19089909470154,4.85241221845363,0.0429945142410739,17.3848758521753,0.197667567261259,0.292892156862745,0.143765690376569,4.22368012436554,0.491173285417894
8.72,38.9217373384077,6.73736149184831,2.1896424848507,4.8496290738493,0.0429452086054763,17.3918500177958,0.197588302183048,0.292892156862745,0.143765690376569,4.2261040442921,0.491369201487422
8.73,38.9440484536469,6.73350164536029,2.1883880347421,4.84685071265085,0.0428960159266614,17.3988137845169,0.197509218697228,0.292892156862745,0.143765690376569,4.22852657475433,0.491573147050372
8.74,38.9663467941248,6.72964842521908,2.1871357381962,4.84407712117185,0.0428469358169055,17.4057671755793,0.197430316180483,0.292892156862745,0.143765690376569,4.23094771813894,0.491785089693863
8.75,38.9886323817597,6.72580181248685,2.18588558905823,4.84130828578063,0.0427979678902576,17.4127102141546,0.197351594012347,0.292892156862745,0.143765690376569,4.23336747682583,0.49200499716151
8.76,39.0109052384074,6.72196178830144,2.18463758119797,4.8385441929,0.042749111762529,17.4196429233454,0.197273051575189,0.292892156862745,0.143765690376569,4.23578585318807,0.492232837352489
8.77,39.0331653858613,6.718128333876,2.1833917085097,4.83578482900697,0.0427003670512832,17.4265653261855,0.197194688254193,0.292892156862745,0.143765690376569,4.238202849592,0.492468578320653
8.78,39.0554128458528,6.7143014304986,2.18214796491205,4.83303018063248,0.0426517333758262,17.4334774456405,0.197116503437345,0.292892156862745,0.143765690376569,4.24061846839719,0.492712188273617
8.79,39.0776476400512,6.71048105953184,2.18090634434785,4.83028023436112,0.0426032103571961,17.4403793046077,0.197038496515416,0.292892156862745,0.143765690376569,4.24303271195649,0.49296363557185
8.8,39.0998697900645,6.70666720241244,2.17966684078404,4.82753497683084,0.0425547976181538,17.4472709259164,0.196960666881947,0.292892156862745,0.143765690376569,4.24544558261608,0.4932228887278
8.81,39.1220793174392,6.70285984065091,2.17842944821155,4.82479439473269,0.042506494783173,17.4541523323283,0.196883013933229,0.292892156862745,0.143765690376569,4.24785708271546,0.493489916404999
8.82,39.1442762436604,6.69905895583116,2.17719416064513,4.82205847481055,0.0424583014784301,17.4610235465376,0.196805537068296,0.292892156862745,0.143765690376569,4.25026721458751,0.493764687417182
8.83,39.1664605901529,6.6952645296101,2.17596097212328,4.81932720386086,0.0424102173317954,17.4678845911715,0.1967282356889,0.292892156862745,0.143765690376569,4.25267598055848,0.494047170727414
8.84,39.1886323782803,6.69147654371729,2.17472987670812,4.81660056873235,0.0423622419728228,17.4747354887901,0.196651109199503,0.292892156862745,0.143765690376569,4.25508338294804,0.494337335447237
8.85,39.2107916293461,6.68769497995457,2.17350086848523,4.81387855632579,0.0423143750327405,17.4815762618869,0.196574157007257,0.292892156862745,0.143765690376569,4.25748942406932,0.494635150835782
8.86,39.2329383645936,6.68391982019568,2.1722739415636,4.81116115359368,0.0422666161444417,17.4884069328889,0.196497378521991,0.292892156862745,0.143765690376569,4.25989410622889,0.494940586298935
8.87,39.2550726052061,6.68015104638592,2.17104909007542,4.80844834754005,0.0422189649424751,17.495227524157,0.196420773156196,0.292892156862745,0.143765690376569,4.26229743172683,0.495253611388482
8.88,39.2771943723072,6.67638864054176,2.16982630817607,4.80574012522016,0.0421714210630353,17.5020380579862,0.196344340325009,0.292892156862745,0.143765690376569,4.26469940285675,0.495574195801262
8.89,39.2993036869612,6.6726325847505,2.16860559004391,4.80303647374022,0.0421239841439543,17.5088385566055,0.196268079446198,0.292892156862745,0.143765690376569,4.26710002190577,0.495902309378325
8.9,39.321400570173,6.66888286116989,2.16738692988022,4.8003373802572,0.0420766538246914,17.5156290421787,0.196191989940148,0.292892156862745,0.143765690376569,4.26949929115462,0.496237922104115
8.91,39.3434850428886,6.6651394520278,2.16617032190904,4.7976428319785,0.0420294297463248,17.5224095368045,0.196116071229847,0.292892156862745,0.143765690376569,4.27189721287759,0.496581004105628
8.92,39.3655571259953,6.66140233962185,2.1649557603771,4.79495281616176,0.0419823115515419,17.5291800625162,0.196040322740869,0.292892156862745,0.143765690376569,4.27429378934261,0.496931525651593
8.93,39.3876168403218,6.65767150631905,2.16374323955369,4.79226732011456,0.0419352988846309,17.5359406412828,0.195964743901363,0.292892156862745,0.143765690376569,4.27668902281127,0.497289457151665
8.94,39.4096642066385,6.65394693455548,2.16253275373053,4.78958633119418,0.0418883913914713,17.5426912950085,0.195889334142035,0.292892156862745,0.143765690376569,4.27908291553879,0.497654769155616
8.95,39.4316992456577,6.65022860683591,2.16132429722167,4.78690983680736,0.0418415887195256,17.5494320455334,0.195814092896135,0.292892156862745,0.143765690376569,4.28147546977411,0.498027432352512
8.96,39.453721978034,6.64651650573348,2.16011786436338,4.78423782441005,0.0417948905178297,17.5561629146335,0.195739019599445,0.292892156862745,0.143765690376569,4.2838666877599,0.498407417569931
8.97,39.4757324243642,6.64281061388935,2.15891344951404,4.78157028150715,0.0417482964369848,17.5628839240209,0.195664113690261,0.292892156862745,0.143765690376569,4.28625657173256,0.498794695773173
8.98,39.4977306051879,6.63911091401234,2.15771104705401,4.77890719565228,0.0417018061291485,17.5695950953443,0.195589374609383,0.292892156862745,0.143765690376569,4.28864512392225,0.499189238064457
8.99,39.5197165409875,6.63541738887863,2.15651065138555,4.77624855444754,0.041655419248026,17.5762964501891,0.195514801800098,0.292892156862745,0.143765690376569,4.29103234655294,0.499591015682157
9,39.5416902521883,6.63173002133136,2.15531225693269,4.77359434554324,0.0416091354488615,17.5829880100774,0.195440394708167,0.292892156862745,0.143765690376569,4.29341824184241,0.5
