WS_Nm2,TW_takeoff,TW_cruise_seaLevel,TW_cruise_altitude,TW_OEI,TW_activeEnvelope,WS_landing_weight_limit,WS_takeoff_axis_landing_limit,betaLanding
1000,0.058578431372549,0.655319228451716,0.190697895479449,0.285,0.655319228451716,4743.14850807009,5580.17471537658,0.85
1010,0.0591642156862745,0.649113538073683,0.188892039579442,0.285,0.649113538073683,4743.14850807009,5580.17471537658,0.85
1020,0.05975,0.643032312456772,0.187122402924921,0.285,0.643032312456772,4743.14850807009,5580.17471537658,0.85
1030,0.0603357843137255,0.637071926413765,0.185387930586406,0.285,0.637071926413765,4743.14850807009,5580.17471537658,0.85
1040,0.060921568627451,0.631228894187723,0.183687608208627,0.285,0.631228894187723,4743.14850807009,5580.17471537658,0.85
1050,0.0615073529411765,0.625499862812446,0.182020460078422,0.285,0.625499862812446,4743.14850807009,5580.17471537658,0.85
1060,0.062093137254902,0.619881605848762,0.18038554730199,0.285,0.619881605848762,4743.14850807009,5580.17471537658,0.85
1070,0.0626789215686274,0.614371017472048,0.178781966084366,0.285,0.614371017472048,4743.14850807009,5580.17471537658,0.85
1080,0.0632647058823529,0.60896510688822,0.177208846104472,0.285,0.60896510688822,4743.14850807009,5580.17471537658,0.85
1090,0.0638504901960784,0.603660993057107,0.175665348979618,0.285,0.603660993057107,4743.14850807009,5580.17471537658,0.85
1100,0.0644362745098039,0.598455899703635,0.174150666813758,0.285,0.598455899703635,4743.14850807009,5580.17471537658,0.85
1110,0.0650220588235294,0.59334715059868,0.172664020824216,0.285,0.59334715059868,4743.14850807009,5580.17471537658,0.85
1120,0.0656078431372549,0.588332165092726,0.171204660041983,0.285,0.588332165092726,4743.14850807009,5580.17471537658,0.85
1130,0.0661936274509804,0.583408453886686,0.169771860081026,0.285,0.583408453886686,4743.14850807009,5580.17471537658,0.85
1140,0.0667794117647059,0.578573615025298,0.168364921972362,0.285,0.578573615025298,4743.14850807009,5580.17471537658,0.85
1150,0.0673651960784314,0.573825330099572,0.166983171058975,0.285,0.573825330099572,4743.14850807009,5580.17471537658,0.85
1160,0.0679509803921569,0.569161360645654,0.165625955947885,0.285,0.569161360645654,4743.14850807009,5580.17471537658,0.85
1170,0.0685367647058824,0.56457954472837,0.164292647515956,0.285,0.56457954472837,4743.14850807009,5580.17471537658,0.85
1180,0.0691225490196078,0.560077793698483,0.162982637966259,0.285,0.560077793698483,4743.14850807009,5580.17471537658,0.85
1190,0.0697083333333333,0.555654089113455,0.161695339932015,0.285,0.555654089113455,4743.14850807009,5580.17471537658,0.85
1200,0.0702941176470588,0.551306479812162,0.160430185625339,0.285,0.551306479812162,4743.14850807009,5580.17471537658,0.85
1210,0.0708799019607843,0.547033079134679,0.159186626028192,0.285,0.547033079134679,4743.14850807009,5580.17471537658,0.85
1220,0.0714656862745098,0.54283206227878,0.157964130123125,0.285,0.54283206227878,4743.14850807009,5580.17471537658,0.85
1230,0.0720514705882353,0.538701663785402,0.156762184161552,0.285,0.538701663785402,4743.14850807009,5580.17471537658,0.85
1240,0.0726372549019608,0.534640175145775,0.15558029096742,0.285,0.534640175145775,4743.14850807009,5580.17471537658,0.85
1250,0.0732230392156863,0.530645942523408,0.154417969274312,0.285,0.530645942523408,4743.14850807009,5580.17471537658,0.85
1260,0.0738088235294118,0.526717364584557,0.153274753094106,0.285,0.526717364584557,4743.14850807009,5580.17471537658,0.85
1270,0.0743946078431372,0.522852890431187,0.152150191115475,0.285,0.522852890431187,4743.14850807009,5580.17471537658,0.85
1280,0.0749803921568627,0.519051017630825,0.15104384613057,0.285,0.519051017630825,4743.14850807009,5580.17471537658,0.85
1290,0.0755661764705882,0.515310290338053,0.149955294488373,0.285,0.515310290338053,4743.14850807009,5580.17471537658,0.85
1300,0.0761519607843137,0.511629297502694,0.148884125573284,0.285,0.511629297502694,4743.14850807009,5580.17471537658,0.85
1310,0.0767377450980392,0.508006671160077,0.147829941307582,0.285,0.508006671160077,4743.14850807009,5580.17471537658,0.85
1320,0.0773235294117647,0.504441084799002,0.146792355676509,0.285,0.504441084799002,4743.14850807009,5580.17471537658,0.85
1330,0.0779093137254902,0.500931251803343,0.145770994274773,0.285,0.500931251803343,4743.14850807009,5580.17471537658,0.85
1340,0.0784950980392157,0.497475923963428,0.144765493873358,0.285,0.497475923963428,4743.14850807009,5580.17471537658,0.85
1350,0.0790808823529412,0.494073890053574,0.14377550200559,0.285,0.494073890053574,4743.14850807009,5580.17471537658,0.85
1360,0.0796666666666667,0.490723974472381,0.142800676571463,0.285,0.490723974472381,4743.14850807009,5580.17471537658,0.85
1370,0.0802524509803922,0.48742503594258,0.141840685459291,0.285,0.48742503594258,4743.14850807009,5580.17471537658,0.85
1380,0.0808382352941176,0.484175966267402,0.140895206183814,0.285,0.484175966267402,4743.14850807009,5580.17471537658,0.85
1390,0.0814240196078431,0.480975689140631,0.139963925539924,0.285,0.480975689140631,4743.14850807009,5580.17471537658,0.85
1400,0.0820098039215686,0.47782315900766,0.139046539271229,0.285,0.47782315900766,4743.14850807009,5580.17471537658,0.85
1410,0.0825955882352941,0.474717359975002,0.138142751752726,0.285,0.474717359975002,4743.14850807009,5580.17471537658,0.85
1420,0.0831813725490196,0.471657304765891,0.137252275686874,0.285,0.471657304765891,4743.14850807009,5580.17471537658,0.85
1430,0.0837671568627451,0.468642033719693,0.136374831812431,0.285,0.468642033719693,4743.14850807009,5580.17471537658,0.85
1440,0.0843529411764706,0.465670613833014,0.135510148625407,0.285,0.465670613833014,4743.14850807009,5580.17471537658,0.85
1450,0.0849387254901961,0.462742137840484,0.134657962111581,0.285,0.462742137840484,4743.14850807009,5580.17471537658,0.85
1460,0.0855245098039216,0.45985572333332,0.133818015489996,0.285,0.45985572333332,4743.14850807009,5580.17471537658,0.85
1470,0.086110294117647,0.45701051191386,0.132990058966933,0.285,0.45701051191386,4743.14850807009,5580.17471537658,0.85
1480,0.0866960784313725,0.454205668384382,0.132173849499855,0.285,0.454205668384382,4743.14850807009,5580.17471537658,0.85
1490,0.087281862745098,0.451440379968577,0.131369150570856,0.285,0.451440379968577,4743.14850807009,5580.17471537658,0.85
1500,0.0878676470588235,0.448713855564172,0.130575731969174,0.285,0.448713855564172,4743.14850807009,5580.17471537658,0.85
1510,0.088453431372549,0.446025325025244,0.129793369582346,0.285,0.446025325025244,4743.14850807009,5580.17471537658,0.85
1520,0.0890392156862745,0.44337403847287,0.129021845195605,0.285,0.44337403847287,4743.14850807009,5580.17471537658,0.85
1530,0.089625,0.440759265632803,0.128260946299146,0.285,0.440759265632803,4743.14850807009,5580.17471537658,0.85
1540,0.0902107843137255,0.43818029519896,0.127510465902897,0.285,0.43818029519896,4743.14850807009,5580.17471537658,0.85
1550,0.090796568627451,0.435636434221543,0.126770202358469,0.285,0.435636434221543,4743.14850807009,5580.17471537658,0.85
1560,0.0913823529411765,0.433127007518697,0.126039959187941,0.285,0.433127007518697,4743.14850807009,5580.17471537658,0.85
1570,0.091968137254902,0.430651357110654,0.1253195449192,0.285,0.430651357110654,4743.14850807009,5580.17471537658,0.85
1580,0.0925539215686274,0.42820884167536,0.12460877292753,0.285,0.42820884167536,4743.14850807009,5580.17471537658,0.85
1590,0.0931397058823529,0.425798836024651,0.123907461283173,0.285,0.425798836024651,4743.14850807009,5580.17471537658,0.85
1600,0.0937254901960784,0.423420730600065,0.123215432604619,0.285,0.423420730600065,4743.14850807009,5580.17471537658,0.85
1610,0.0943112745098039,0.421073930987451,0.122532513917348,0.285,0.421073930987451,4743.14850807009,5580.17471537658,0.85
1620,0.0948970588235294,0.41875785744955,0.121858536517819,0.285,0.41875785744955,4743.14850807009,5580.17471537658,0.85
1630,0.0954828431372549,0.416471944475784,0.121193335842453,0.285,0.416471944475784,4743.14850807009,5580.17471537658,0.85
1640,0.0960686274509804,0.414215640348518,0.120536751341419,0.285,0.414215640348518,4743.14850807009,5580.17471537658,0.85
1650,0.0966544117647059,0.411988406725087,0.119888626357,0.285,0.411988406725087,4743.14850807009,5580.17471537658,0.85
1660,0.0972401960784314,0.409789718234941,0.119248808006368,0.285,0.409789718234941,4743.14850807009,5580.17471537658,0.85
1670,0.0978259803921569,0.407619062091253,0.118617147068555,0.285,0.407619062091253,4743.14850807009,5580.17471537658,0.85
1680,0.0984117647058824,0.405475937716408,0.117993497875475,0.285,0.405475937716408,4743.14850807009,5580.17471537658,0.85
1690,0.0989975490196078,0.403359856380783,0.117377718206808,0.285,0.403359856380783,4743.14850807009,5580.17471537658,0.85
1700,0.0995833333333333,0.401270340854272,0.116769669188593,0.285,0.401270340854272,4743.14850807009,5580.17471537658,0.85
1710,0.100169117647059,0.39920692507005,0.116169215195385,0.285,0.39920692507005,4743.14850807009,5580.17471537658,0.85
1720,0.100754901960784,0.397169153800054,0.115576223755816,0.285,0.397169153800054,4743.14850807009,5580.17471537658,0.85
1730,0.10134068627451,0.395156582341723,0.114990565461441,0.285,0.395156582341723,4743.14850807009,5580.17471537658,0.85
1740,0.101926470588235,0.393168776215548,0.114412113878725,0.285,0.393168776215548,4743.14850807009,5580.17471537658,0.85
1750,0.102512254901961,0.391205310872977,0.113840745464036,0.285,0.391205310872977,4743.14850807009,5580.17471537658,0.85
1760,0.103098039215686,0.389265771414289,0.113276339481558,0.285,0.389265771414289,4743.14850807009,5580.17471537658,0.85
1770,0.103683823529412,0.387349752316028,0.112718777923964,0.285,0.387349752316028,4743.14850807009,5580.17471537658,0.85
1780,0.104269607843137,0.385456857167626,0.112167945435779,0.285,0.385456857167626,4743.14850807009,5580.17471537658,0.85
1790,0.104855392156863,0.383586698416851,0.111623729239304,0.285,0.383586698416851,4743.14850807009,5580.17471537658,0.85
1800,0.105441176470588,0.381738897123741,0.111086019063009,0.285,0.381738897123741,4743.14850807009,5580.17471537658,0.85
1810,0.106026960784314,0.379913082722701,0.110554707072306,0.285,0.379913082722701,4743.14850807009,5580.17471537658,0.85
1820,0.106612745098039,0.378108892792432,0.110029687802598,0.285,0.378108892792432,4743.14850807009,5580.17471537658,0.85
1830,0.107198529411765,0.376325972833414,0.109510858094523,0.285,0.376325972833414,4743.14850807009,5580.17471537658,0.85
1840,0.10778431372549,0.374563976052636,0.108998117031317,0.285,0.374563976052636,4743.14850807009,5580.17471537658,0.85
1850,0.108370098039216,0.372822563155318,0.108491365878197,0.285,0.372822563155318,4743.14850807009,5580.17471537658,0.85
1860,0.108955882352941,0.371101402143337,0.107990508023711,0.285,0.371101402143337,4743.14850807009,5580.17471537658,0.85
1870,0.109541666666667,0.369400168120139,0.107495448922961,0.285,0.369400168120139,4743.14850807009,5580.17471537658,0.85
1880,0.110127450980392,0.36771854310186,0.107006096042641,0.285,0.36771854310186,4743.14850807009,5580.17471537658,0.85
1890,0.110713235294118,0.366056215834453,0.106522358807826,0.285,0.366056215834453,4743.14850807009,5580.17471537658,0.85
1900,0.111299019607843,0.364412881616589,0.106044148550427,0.285,0.364412881616589,4743.14850807009,5580.17471537658,0.85
1910,0.111884803921569,0.362788242128117,0.105571378459282,0.285,0.362788242128117,4743.14850807009,5580.17471537658,0.85
1920,0.112470588235294,0.361182005263892,0.105103963531793,0.285,0.361182005263892,4743.14850807009,5580.17471537658,0.85
1930,0.11305637254902,0.359593884972759,0.104641820527073,0.285,0.359593884972759,4743.14850807009,5580.17471537658,0.85
1940,0.113642156862745,0.358023601101526,0.104184867920544,0.285,0.358023601101526,4743.14850807009,5580.17471537658,0.85
1950,0.114227941176471,0.356470879243732,0.103733025859926,0.285,0.356470879243732,4743.14850807009,5580.17471537658,0.85
1960,0.114813725490196,0.354935450593051,0.103286216122578,0.285,0.354935450593051,4743.14850807009,5580.17471537658,0.85
1970,0.115399509803922,0.353417051801149,0.102844362074134,0.285,0.353417051801149,4743.14850807009,5580.17471537658,0.85
1980,0.115985294117647,0.351915424839864,0.102407388628401,0.285,0.351915424839864,4743.14850807009,5580.17471537658,0.85
1990,0.116571078431373,0.350430316867529,0.101975222208451,0.285,0.350430316867529,4743.14850807009,5580.17471537658,0.85
2000,0.117156862745098,0.348961480099308,0.101547790708899,0.285,0.348961480099308,4743.14850807009,5580.17471537658,0.85
2010,0.117742647058824,0.347508671681409,0.10112502345929,0.285,0.347508671681409,4743.14850807009,5580.17471537658,0.85
2020,0.118328431372549,0.346071653569026,0.100706851188587,0.285,0.346071653569026,4743.14850807009,5580.17471537658,0.85
2030,0.118914215686274,0.34465019240789,0.100293205990696,0.285,0.34465019240789,4743.14850807009,5580.17471537658,0.85
2040,0.1195,0.343244059419305,0.0998840212910177,0.285,0.343244059419305,4743.14850807009,5580.17471537658,0.85
2050,0.120085784313725,0.341853030288552,0.0994792318139686,0.285,0.341853030288552,4743.14850807009,5580.17471537658,0.85
2060,0.120671568627451,0.340476885056536,0.0990787735514519,0.285,0.340476885056536,4743.14850807009,5580.17471537658,0.85
2070,0.121257352941176,0.33911540801458,0.0986825837322426,0.285,0.33911540801458,4743.14850807009,5580.17471537658,0.85
2080,0.121843137254902,0.337768387602249,0.0982906007922545,0.285,0.337768387602249,4743.14850807009,5580.17471537658,0.85
2090,0.122428921568627,0.336435616308115,0.0979027643456614,0.285,0.336435616308115,4743.14850807009,5580.17471537658,0.85
2100,0.123014705882353,0.335116890573345,0.0975190151568435,0.285,0.335116890573345,4743.14850807009,5580.17471537658,0.85
2110,0.123600490196078,0.333812010698044,0.0971392951131309,0.285,0.333812010698044,4743.14850807009,5580.17471537658,0.85
2120,0.124186274509804,0.332520780750238,0.0967635471983193,0.285,0.332520780750238,4743.14850807009,5580.17471537658,0.85
2130,0.124772058823529,0.331243008477427,0.0963917154669312,0.285,0.331243008477427,4743.14850807009,5580.17471537658,0.85
2140,0.125357843137255,0.329978505220615,0.0960237450191991,0.285,0.329978505220615,4743.14850807009,5580.17471537658,0.85
2150,0.12594362745098,0.328727085830743,0.0956595819767462,0.285,0.328727085830743,4743.14850807009,5580.17471537658,0.85
2160,0.126529411764706,0.327488568587436,0.0952991734589438,0.285,0.327488568587436,4743.14850807009,5580.17471537658,0.85
2170,0.127115196078431,0.326262775120004,0.0949424675599211,0.285,0.326262775120004,4743.14850807009,5580.17471537658,0.85
2180,0.127700980392157,0.325049530330614,0.0945894133262086,0.285,0.325049530330614,4743.14850807009,5580.17471537658,0.85
2190,0.128286764705882,0.323848662319567,0.094239960734994,0.285,0.323848662319567,4743.14850807009,5580.17471537658,0.85
2200,0.128872549019608,0.322660002312613,0.0938940606729703,0.285,0.322660002312613,4743.14850807009,5580.17471537658,0.85
2210,0.129458333333333,0.321483384590239,0.0935516649157594,0.285,0.321483384590239,4743.14850807009,5580.17471537658,0.85
2220,0.130044117647059,0.320318646418869,0.0932127261078909,0.285,0.320318646418869,4743.14850807009,5580.17471537658,0.85
2230,0.130629901960784,0.319165627983917,0.0928771977433199,0.285,0.319165627983917,4743.14850807009,5580.17471537658,0.85
2240,0.13121568627451,0.318024172324627,0.0925450341464664,0.285,0.318024172324627,4743.14850807009,5580.17471537658,0.85
2250,0.131801470588235,0.316894125270656,0.0922161904537609,0.285,0.316894125270656,4743.14850807009,5580.17471537658,0.85
2260,0.132387254901961,0.315775335380341,0.0918906225956793,0.285,0.315775335380341,4743.14850807009,5580.17471537658,0.85
2270,0.132973039215686,0.314667653880594,0.091568287279253,0.285,0.314667653880594,4743.14850807009,5580.17471537658,0.85
2280,0.133558823529412,0.313570934608382,0.0912491419710391,0.285,0.313570934608382,4743.14850807009,5580.17471537658,0.85
2290,0.134144607843137,0.312485033953736,0.0909331448805371,0.285,0.312485033953736,4743.14850807009,5580.17471537658,0.85
2300,0.134730392156863,0.311409810804253,0.0906202549440377,0.285,0.311409810804253,4743.14850807009,5580.17471537658,0.85
2310,0.135316176470588,0.310345126491036,0.0903104318088915,0.285,0.310345126491036,4743.14850807009,5580.17471537658,0.85
2320,0.135901960784314,0.309290844736029,0.0900036358181844,0.285,0.309290844736029,4743.14850807009,5580.17471537658,0.85
2330,0.136487745098039,0.308246831600714,0.0896998279958078,0.285,0.308246831600714,4743.14850807009,5580.17471537658,0.85
2340,0.137073529411765,0.307212955436121,0.0893989700319113,0.285,0.307212955436121,4743.14850807009,5580.17471537658,0.85
2350,0.13765931372549,0.306189086834114,0.0891010242687271,0.285,0.306189086834114,4743.14850807009,5580.17471537658,0.85
2360,0.138245098039216,0.305175098579913,0.0888059536867546,0.285,0.305175098579913,4743.14850807009,5580.17471537658,0.85
2370,0.138830882352941,0.304170865605824,0.0885137218912948,0.285,0.304170865605824,4743.14850807009,5580.17471537658,0.85
2380,0.139416666666667,0.303176264946133,0.0882242930993246,0.285,0.303176264946133,4743.14850807009,5580.17471537658,0.85
2390,0.140002450980392,0.302191175693126,0.0879376321266997,0.285,0.302191175693126,4743.14850807009,5580.17471537658,0.85
2400,0.140588235294118,0.301215478954221,0.0876537043756783,0.285,0.301215478954221,4743.14850807009,5580.17471537658,0.85
2410,0.141174019607843,0.300249057810154,0.087372475822755,0.285,0.300249057810154,4743.14850807009,5580.17471537658,0.85
2420,0.141759803921569,0.299291797274214,0.0870939130067962,0.285,0.299291797274214,4743.14850807009,5580.17471537658,0.85
2430,0.142345588235294,0.298343584252471,0.0868179830174692,0.285,0.298343584252471,4743.14850807009,5580.17471537658,0.85
2440,0.14293137254902,0.297404307504999,0.0865446534839546,0.285,0.297404307504999,4743.14850807009,5580.17471537658,0.85
2450,0.143517156862745,0.296473857608029,0.0862738925639365,0.285,0.296473857608029,4743.14850807009,5580.17471537658,0.85
2460,0.144102941176471,0.295552126917044,0.0860056689328599,0.285,0.295552126917044,4743.14850807009,5580.17471537658,0.85
2470,0.144688725490196,0.294639009530757,0.0857399517734503,0.285,0.294639009530757,4743.14850807009,5580.17471537658,0.85
2480,0.145274509803922,0.293734401255965,0.0854767107654859,0.285,0.293734401255965,4743.14850807009,5580.17471537658,0.85
2490,0.145860294117647,0.292838199573253,0.0852159160758167,0.285,0.292838199573253,4743.14850807009,5580.17471537658,0.85
2500,0.146446078431373,0.291950303603516,0.0849575383486232,0.285,0.291950303603516,4743.14850807009,5580.17471537658,0.85
2510,0.147031862745098,0.291070614075284,0.0847015486959077,0.285,0.291070614075284,4743.14850807009,5580.17471537658,0.85
2520,0.147617647058824,0.290199033292825,0.0844479186882122,0.285,0.290199033292825,4743.14850807009,5580.17471537658,0.85
2530,0.148203431372549,0.289335465105004,0.0841966203455561,0.285,0.289335465105004,4743.14850807009,5580.17471537658,0.85
2540,0.148789215686274,0.288479814874875,0.0839476261285886,0.285,0.288479814874875,4743.14850807009,5580.17471537658,0.85
2550,0.149375,0.287631989449995,0.0837009089299486,0.285,0.287631989449995,4743.14850807009,5580.17471537658,0.85
2560,0.149960784313725,0.286791897133428,0.0834564420658277,0.285,0.286791897133428,4743.14850807009,5580.17471537658,0.85
2570,0.150546568627451,0.285959447655428,0.0832141992677294,0.285,0.285959447655428,4743.14850807009,5580.17471537658,0.85
2580,0.151132352941176,0.285134552145777,0.082974154674421,0.285,0.285134552145777,4743.14850807009,5580.17471537658,0.85
2590,0.151718137254902,0.284317123106773,0.0827362828240709,0.285,0.285,4743.14850807009,5580.17471537658,0.85
2600,0.152303921568627,0.283507074386832,0.0825005586465681,0.285,0.285,4743.14850807009,5580.17471537658,0.85
2610,0.152889705882353,0.2827043211547,0.0822669574560178,0.285,0.285,4743.14850807009,5580.17471537658,0.85
2620,0.153475490196078,0.281908779874258,0.082035454943409,0.285,0.285,4743.14850807009,5580.17471537658,0.85
2630,0.154061274509804,0.281120368279896,0.0818060271694497,0.285,0.285,4743.14850807009,5580.17471537658,0.85
2640,0.154647058823529,0.280339005352455,0.0815786505575643,0.285,0.285,4743.14850807009,5580.17471537658,0.85
2650,0.155232843137255,0.279564611295705,0.08135330188705,0.285,0.285,4743.14850807009,5580.17471537658,0.85
2660,0.15581862745098,0.27879710751336,0.0811299582863877,0.285,0.285,4743.14850807009,5580.17471537658,0.85
2670,0.156404411764706,0.278036416586607,0.0809085972267026,0.285,0.285,4743.14850807009,5580.17471537658,0.85
2680,0.156990196078431,0.277282462252137,0.0806891965153718,0.285,0.285,4743.14850807009,5580.17471537658,0.85
2690,0.157575980392157,0.276535169380668,0.0804717342897743,0.285,0.285,4743.14850807009,5580.17471537658,0.85
2700,0.158161764705882,0.275794463955944,0.0802561890111797,0.285,0.285,4743.14850807009,5580.17471537658,0.85
2710,0.158747549019608,0.275060273054201,0.0800425394587725,0.285,0.285,4743.14850807009,5580.17471537658,0.85
2720,0.159333333333333,0.274332524824082,0.0798307647238079,0.285,0.285,4743.14850807009,5580.17471537658,0.85
2730,0.159919117647059,0.273611148466998,0.0796208442038965,0.285,0.285,4743.14850807009,5580.17471537658,0.85
2740,0.160504901960784,0.272896074217916,0.0794127575974137,0.285,0.285,4743.14850807009,5580.17471537658,0.85
2750,0.16109068627451,0.272187233326567,0.079206484898031,0.285,0.285,4743.14850807009,5580.17471537658,0.85
2760,0.161676470588235,0.271484558039062,0.079002006389367,0.285,0.285,4743.14850807009,5580.17471537658,0.85
2770,0.162262254901961,0.270787981579908,0.0787993026397532,0.285,0.285,4743.14850807009,5580.17471537658,0.85
2780,0.162848039215686,0.270097438134411,0.0785983544971136,0.285,0.285,4743.14850807009,5580.17471537658,0.85
2790,0.163433823529412,0.269412862831456,0.0783991430839538,0.285,0.285,4743.14850807009,5580.17471537658,0.85
2800,0.164019607843137,0.26873419172666,0.078201649792458,0.285,0.285,4743.14850807009,5580.17471537658,0.85
2810,0.164605392156863,0.268061361785877,0.0780058562796902,0.285,0.285,4743.14850807009,5580.17471537658,0.85
2820,0.165191176470588,0.267394310869066,0.0778117444628981,0.285,0.285,4743.14850807009,5580.17471537658,0.85
2830,0.165776960784314,0.266732977714487,0.0776192965149157,0.285,0.285,4743.14850807009,5580.17471537658,0.85
2840,0.166362745098039,0.266077301923244,0.0774284948596641,0.285,0.285,4743.14850807009,5580.17471537658,0.85
2850,0.166948529411765,0.265427223944145,0.0772393221677463,0.285,0.285,4743.14850807009,5580.17471537658,0.85
2860,0.16753431372549,0.26478268505888,0.077051761352134,0.285,0.285,4743.14850807009,5580.17471537658,0.85
2870,0.168120098039216,0.264143627367513,0.0768657955639463,0.285,0.285,4743.14850807009,5580.17471537658,0.85
2880,0.168705882352941,0.263509993774275,0.0766814081883139,0.285,0.285,4743.14850807009,5580.17471537658,0.85
2890,0.169291666666667,0.262881727973648,0.0764985828403316,0.285,0.285,4743.14850807009,5580.17471537658,0.85
2900,0.169877450980392,0.262258774436744,0.0763173033610926,0.285,0.285,4743.14850807009,5580.17471537658,0.85
2910,0.170463235294118,0.261641078397958,0.0761375538138057,0.285,0.285,4743.14850807009,5580.17471537658,0.85
2920,0.171049019607843,0.261028585841897,0.0759593184799919,0.285,0.285,4743.14850807009,5580.17471537658,0.85
2930,0.171634803921569,0.260421243490581,0.0757825818557591,0.285,0.285,4743.14850807009,5580.17471537658,0.85
2940,0.172220588235294,0.259818998790902,0.0756073286481523,0.285,0.285,4743.14850807009,5580.17471537658,0.85
2950,0.17280637254902,0.259221799902333,0.0754335437715788,0.285,0.285,4743.14850807009,5580.17471537658,0.85
2960,0.173392156862745,0.258629595684897,0.075261212344305,0.285,0.285,4743.14850807009,5580.17471537658,0.85
2970,0.173977941176471,0.258042335687371,0.075090319685025,0.285,0.285,4743.14850807009,5580.17471537658,0.85
2980,0.174563725490196,0.257459970135729,0.0749208513094971,0.285,0.285,4743.14850807009,5580.17471537658,0.85
2990,0.175149509803922,0.256882449921818,0.074752792927249,0.285,0.285,4743.14850807009,5580.17471537658,0.85
3000,0.175735294117647,0.256309726592261,0.0745861304383479,0.285,0.285,4743.14850807009,5580.17471537658,0.85
3010,0.176321078431373,0.255741752337579,0.0744208499302354,0.285,0.285,4743.14850807009,5580.17471537658,0.85
3020,0.176906862745098,0.255178479981531,0.0742569376746256,0.285,0.285,4743.14850807009,5580.17471537658,0.85
3030,0.177492647058824,0.254619862970667,0.074094380124464,0.285,0.285,4743.14850807009,5580.17471537658,0.85
3040,0.178078431372549,0.254065855364079,0.0739331639109469,0.285,0.285,4743.14850807009,5580.17471537658,0.85
3050,0.178664215686274,0.253516411823364,0.073773275840599,0.285,0.285,4743.14850807009,5580.17471537658,0.85
3060,0.17925,0.25297148760278,0.0736147028924089,0.285,0.285,4743.14850807009,5580.17471537658,0.85
3070,0.179835784313725,0.252431038539588,0.07345743221502,0.285,0.285,4743.14850807009,5580.17471537658,0.85
3080,0.180421568627451,0.251895021044593,0.0733014511239765,0.285,0.285,4743.14850807009,5580.17471537658,0.85
3090,0.181007352941176,0.251363392092861,0.0731467470990226,0.285,0.285,4743.14850807009,5580.17471537658,0.85
3100,0.181593137254902,0.250836109214619,0.0729933077814541,0.285,0.285,4743.14850807009,5580.17471537658,0.85
3110,0.182178921568627,0.250313130486328,0.0728411209715214,0.285,0.285,4743.14850807009,5580.17471537658,0.85
3120,0.182764705882353,0.249794414521931,0.0726901746258818,0.285,0.285,4743.14850807009,5580.17471537658,0.85
3130,0.183350490196078,0.249279920464265,0.0725404568551012,0.285,0.285,4743.14850807009,5580.17471537658,0.85
3140,0.183936274509804,0.248769607976643,0.0723919559212032,0.285,0.285,4743.14850807009,5580.17471537658,0.85
3150,0.184522058823529,0.248263437234588,0.0722446602352652,0.285,0.285,4743.14850807009,5580.17471537658,0.85
3160,0.185107843137255,0.247761368917731,0.0720985583550597,0.285,0.285,4743.14850807009,5580.17471537658,0.85
3170,0.18569362745098,0.247263364201858,0.0719536389827407,0.285,0.285,4743.14850807009,5580.17471537658,0.85
3180,0.186279411764706,0.246769384751111,0.0718098909625733,0.285,0.285,4743.14850807009,5580.17471537658,0.85
3190,0.186865196078431,0.246279392710332,0.0716673032787065,0.285,0.285,4743.14850807009,5580.17471537658,0.85
3200,0.187450980392157,0.245793350697552,0.0715258650529877,0.285,0.285,4743.14850807009,5580.17471537658,0.85
3210,0.188036764705882,0.245311221796623,0.0713855655428172,0.285,0.285,4743.14850807009,5580.17471537658,0.85
3220,0.188622549019608,0.24483296954998,0.0712463941390441,0.285,0.285,4743.14850807009,5580.17471537658,0.85
3230,0.189208333333333,0.244358557951546,0.0711083403638998,0.285,0.285,4743.14850807009,5580.17471537658,0.85
3240,0.189794117647059,0.243887951439764,0.0709713938689712,0.285,0.285,4743.14850807009,5580.17471537658,0.85
3250,0.190379901960784,0.243421114890757,0.0708355444332102,0.285,0.285,4743.14850807009,5580.17471537658,0.85
3260,0.19096568627451,0.242958013611616,0.0707007819609801,0.285,0.285,4743.14850807009,5580.17471537658,0.85
3270,0.191551470588235,0.24249861333381,0.0705670964801386,0.285,0.285,4743.14850807009,5580.17471537658,0.85
3280,0.192137254901961,0.242042880206717,0.0704344781401546,0.285,0.285,4743.14850807009,5580.17471537658,0.85
3290,0.192723039215686,0.241590780791273,0.0703029172102605,0.285,0.285,4743.14850807009,5580.17471537658,0.85
3300,0.193308823529412,0.241142282053736,0.0701724040776372,0.285,0.285,4743.14850807009,5580.17471537658,0.85
3310,0.193894607843137,0.240697351359563,0.0700429292456327,0.285,0.285,4743.14850807009,5580.17471537658,0.85
3320,0.194480392156863,0.240255956467397,0.0699144833320126,0.285,0.285,4743.14850807009,5580.17471537658,0.85
3330,0.195066176470588,0.239818065523168,0.0697870570672418,0.285,0.285,4743.14850807009,5580.17471537658,0.85
3340,0.195651960784314,0.239383647054288,0.0696606412927977,0.285,0.285,4743.14850807009,5580.17471537658,0.85
3350,0.196237745098039,0.238952669963963,0.0695352269595133,0.285,0.285,4743.14850807009,5580.17471537658,0.85
3360,0.196823529411765,0.2385251035256,0.0694108051259496,0.285,0.285,4743.14850807009,5580.17471537658,0.85
3370,0.19740931372549,0.238100917377311,0.0692873669567975,0.285,0.285,4743.14850807009,5580.17471537658,0.85
3380,0.197995098039216,0.237680081516522,0.0691649037213078,0.285,0.285,4743.14850807009,5580.17471537658,0.85
3390,0.198580882352941,0.23726256629467,0.069043406791749,0.285,0.285,4743.14850807009,5580.17471537658,0.85
3400,0.199166666666667,0.236848342412001,0.0689228676418923,0.285,0.285,4743.14850807009,5580.17471537658,0.85
3410,0.199752450980392,0.236437380912451,0.0688032778455232,0.285,0.285,4743.14850807009,5580.17471537658,0.85
3420,0.200338235294118,0.236029653178624,0.0686846290749797,0.285,0.285,4743.14850807009,5580.17471537658,0.85
3430,0.200924019607843,0.235625130926856,0.0685669130997151,0.285,0.285,4743.14850807009,5580.17471537658,0.85
3440,0.201509803921569,0.235223786202361,0.0684501217848869,0.285,0.285,4743.14850807009,5580.17471537658,0.85
3450,0.202095588235294,0.234825591374466,0.0683342470899696,0.285,0.285,4743.14850807009,5580.17471537658,0.85
3460,0.20268137254902,0.23443051913193,0.0682192810673916,0.285,0.285,4743.14850807009,5580.17471537658,0.85
3470,0.203267156862745,0.234038542478338,0.0681052158611962,0.285,0.285,4743.14850807009,5580.17471537658,0.85
3480,0.203852941176471,0.233649634727577,0.0679920437057249,0.285,0.285,4743.14850807009,5580.17471537658,0.85
3490,0.204438725490196,0.233263769499395,0.0678797569243239,0.285,0.285,4743.14850807009,5580.17471537658,0.85
3500,0.205024509803922,0.232880920715026,0.0677683479280725,0.285,0.285,4743.14850807009,5580.17471537658,0.85
3510,0.205610294117647,0.232501062592899,0.0676578092145337,0.285,0.285,4743.14850807009,5580.17471537658,0.85
3520,0.206196078431373,0.232124169644416,0.0675481333665251,0.285,0.285,4743.14850807009,5580.17471537658,0.85
3530,0.206781862745098,0.231750216669801,0.0674393130509121,0.285,0.285,4743.14850807009,5580.17471537658,0.85
3540,0.207367647058824,0.23137917875402,0.06733134101742,0.285,0.285,4743.14850807009,5580.17471537658,0.85
3550,0.207953431372549,0.231011031262775,0.0672242100974675,0.285,0.285,4743.14850807009,5580.17471537658,0.85
3560,0.208539215686274,0.230645749838554,0.0671179132030192,0.285,0.285,4743.14850807009,5580.17471537658,0.85
3570,0.209125,0.230283310396761,0.0670124433254575,0.285,0.285,4743.14850807009,5580.17471537658,0.85
3580,0.209710784313726,0.229923689121901,0.0669077935344731,0.285,0.285,4743.14850807009,5580.17471537658,0.85
3590,0.210296568627451,0.229566862463832,0.066803956976975,0.285,0.285,4743.14850807009,5580.17471537658,0.85
3600,0.210882352941176,0.22921280713408,0.0667009268760174,0.285,0.285,4743.14850807009,5580.17471537658,0.85
3610,0.211468137254902,0.228861500102218,0.0665986965297454,0.285,0.285,4743.14850807009,5580.17471537658,0.85
3620,0.212053921568627,0.228512918592295,0.0664972593103578,0.285,0.285,4743.14850807009,5580.17471537658,0.85
3630,0.212639705882353,0.228167040079336,0.0663966086630869,0.285,0.285,4743.14850807009,5580.17471537658,0.85
3640,0.213225490196078,0.227823842285895,0.0662967381051954,0.285,0.285,4743.14850807009,5580.17471537658,0.85
3650,0.213811274509804,0.227483303178659,0.0661976412249899,0.285,0.285,4743.14850807009,5580.17471537658,0.85
3660,0.214397058823529,0.22714540096512,0.06609931168085,0.285,0.285,4743.14850807009,5580.17471537658,0.85
3670,0.214982843137255,0.226810114090288,0.0660017432002737,0.285,0.285,4743.14850807009,5580.17471537658,0.85
3680,0.21556862745098,0.226477421233466,0.0659049295789386,0.285,0.285,4743.14850807009,5580.17471537658,0.85
3690,0.216154411764706,0.226147301305078,0.0658088646797776,0.285,0.285,4743.14850807009,5580.17471537658,0.85
3700,0.216740196078431,0.225819733443541,0.0657135424320705,0.285,0.285,4743.14850807009,5580.17471537658,0.85
3710,0.217325980392157,0.225494697012197,0.0656189568305493,0.285,0.285,4743.14850807009,5580.17471537658,0.85
3720,0.217911764705882,0.225172171596285,0.0655251019345191,0.285,0.285,4743.14850807009,5580.17471537658,0.85
3730,0.218497549019608,0.224852136999972,0.0654319718669919,0.285,0.285,4743.14850807009,5580.17471537658,0.85
3740,0.219083333333333,0.224534573243421,0.0653395608138355,0.285,0.285,4743.14850807009,5580.17471537658,0.85
3750,0.219669117647059,0.224219460559913,0.0652478630229348,0.285,0.285,4743.14850807009,5580.17471537658,0.85
3760,0.220254901960784,0.223906779393016,0.0651568728033676,0.285,0.285,4743.14850807009,5580.17471537658,0.85
3770,0.22084068627451,0.22359651039379,0.0650665845245928,0.285,0.285,4743.14850807009,5580.17471537658,0.85
3780,0.221426470588235,0.223288634418047,0.0649769926156516,0.285,0.285,4743.14850807009,5580.17471537658,0.85
3790,0.222012254901961,0.222983132523649,0.0648880915643819,0.285,0.285,4743.14850807009,5580.17471537658,0.85
3800,0.222598039215686,0.222679985967849,0.0647998759166441,0.285,0.285,4743.14850807009,5580.17471537658,0.85
3810,0.223183823529412,0.222379176204674,0.06471234027556,0.285,0.285,4743.14850807009,5580.17471537658,0.85
3820,0.223769607843137,0.222080684882348,0.0646254793007633,0.285,0.285,4743.14850807009,5580.17471537658,0.85
3830,0.224355392156863,0.221784493840761,0.0645392877076615,0.285,0.285,4743.14850807009,5580.17471537658,0.85
3840,0.224941176470588,0.22149058510897,0.0644537602667102,0.285,0.285,4743.14850807009,5580.17471537658,0.85
3850,0.225526960784314,0.221198940902742,0.0643688918026979,0.285,0.285,4743.14850807009,5580.17471537658,0.85
3860,0.226112745098039,0.220909543622138,0.0642846771940421,0.285,0.285,4743.14850807009,5580.17471537658,0.85
3870,0.226698529411765,0.220622375849129,0.0642011113720966,0.285,0.285,4743.14850807009,5580.17471537658,0.85
3880,0.22728431372549,0.220337420345256,0.0641181893204694,0.285,0.285,4743.14850807009,5580.17471537658,0.85
3890,0.227870098039216,0.220054660049315,0.0640359060743508,0.285,0.285,4743.14850807009,5580.17471537658,0.85
3900,0.228455882352941,0.219774078075093,0.0639542567198522,0.285,0.285,4743.14850807009,5580.17471537658,0.85
3910,0.229041666666667,0.219495657709124,0.0638732363933551,0.285,0.285,4743.14850807009,5580.17471537658,0.85
3920,0.229627450980392,0.219219382408487,0.0637928402808698,0.285,0.285,4743.14850807009,5580.17471537658,0.85
3930,0.230213235294118,0.218945235798638,0.0637130636174036,0.285,0.285,4743.14850807009,5580.17471537658,0.85
3940,0.230799019607843,0.218673201671271,0.0636339016863398,0.285,0.285,4743.14850807009,5580.17471537658,0.85
3950,0.231384803921569,0.218403263982215,0.0635553498188247,0.285,0.285,4743.14850807009,5580.17471537658,0.85
3960,0.231970588235294,0.218135406849363,0.0634774033931646,0.285,0.285,4743.14850807009,5580.17471537658,0.85
3970,0.23255637254902,0.217869614550626,0.0634000578342323,0.285,0.285,4743.14850807009,5580.17471537658,0.85
3980,0.233142156862745,0.21760587152193,0.0633233086128815,0.285,0.285,4743.14850807009,5580.17471537658,0.85
3990,0.233727941176471,0.217344162355227,0.0632471512453711,0.285,0.285,4743.14850807009,5580.17471537658,0.85
4000,0.234313725490196,0.217084471796554,0.0631715812927971,0.285,0.285,4743.14850807009,5580.17471537658,0.85
4010,0.234899509803922,0.216826784744104,0.0630965943605343,0.285,0.285,4743.14850807009,5580.17471537658,0.85
4020,0.235485294117647,0.216571086246339,0.0630221860976846,0.285,0.285,4743.14850807009,5580.17471537658,0.85
4030,0.236071078431373,0.216317361500122,0.0629483521965355,0.285,0.285,4743.14850807009,5580.17471537658,0.85
4040,0.236656862745098,0.216065595848882,0.0628750883920246,0.285,0.285,4743.14850807009,5580.17471537658,0.85
4050,0.237242647058824,0.215815774780804,0.0628023904612141,0.285,0.285,4743.14850807009,5580.17471537658,0.85
4060,0.237828431372549,0.215567883927048,0.062730254222771,0.285,0.285,4743.14850807009,5580.17471537658,0.85
4070,0.238414215686274,0.215321909059989,0.0626586755364569,0.285,0.285,4743.14850807009,5580.17471537658,0.85
4080,0.239,0.21507783609149,0.0625876503026237,0.285,0.285,4743.14850807009,5580.17471537658,0.85
4090,0.239585784313725,0.214835651071195,0.0625171744617177,0.285,0.285,4743.14850807009,5580.17471537658,0.85
4100,0.240171568627451,0.214595340184848,0.0624472439937908,0.285,0.285,4743.14850807009,5580.17471537658,0.85
4110,0.240757352941176,0.21435688975264,0.0623778549180183,0.285,0.285,4743.14850807009,5580.17471537658,0.85
4120,0.241343137254902,0.214120286227575,0.0623090032922242,0.285,0.285,4743.14850807009,5580.17471537658,0.85
4130,0.241928921568627,0.213885516193861,0.0622406852124137,0.285,0.285,4743.14850807009,5580.17471537658,0.85
4140,0.242514705882353,0.213652566365331,0.0621728968123113,0.285,0.285,4743.14850807009,5580.17471537658,0.85
4150,0.243100490196078,0.213421423583874,0.0621056342629073,0.285,0.285,4743.14850807009,5580.17471537658,0.85
4160,0.243686274509804,0.2131920748179,0.062038893772009,0.285,0.285,4743.14850807009,5580.17471537658,0.85
4170,0.244272058823529,0.212964507160824,0.0619726715837999,0.285,0.285,4743.14850807009,5580.17471537658,0.85
4180,0.244857843137255,0.212738707829568,0.0619069639784042,0.285,0.285,4743.14850807009,5580.17471537658,0.85
4190,0.24544362745098,0.212514664163086,0.0618417672714581,0.285,0.285,4743.14850807009,5580.17471537658,0.85
4200,0.246029411764706,0.212292363620918,0.061777077813687,0.285,0.285,4743.14850807009,5580.17471537658,0.85
4210,0.246615196078431,0.212071793781748,0.0617128919904886,0.285,0.285,4743.14850807009,5580.17471537658,0.85
4220,0.247200980392157,0.211852942342001,0.0616492062215224,0.285,0.285,4743.14850807009,5580.17471537658,0.85
4230,0.247786764705882,0.211635797114448,0.0615860169603045,0.285,0.285,4743.14850807009,5580.17471537658,0.85
4240,0.248372549019608,0.211420346026833,0.0615233206938084,0.285,0.285,4743.14850807009,5580.17471537658,0.85
4250,0.248958333333333,0.21120657712052,0.0614611139420712,0.285,0.285,4743.14850807009,5580.17471537658,0.85
4260,0.249544117647059,0.210994478549162,0.0613993932578061,0.285,0.285,4743.14850807009,5580.17471537658,0.85
4270,0.250129901960784,0.210784038577385,0.0613381552260189,0.285,0.285,4743.14850807009,5580.17471537658,0.85
4280,0.25071568627451,0.21057524557949,0.0612773964636317,0.285,0.285,4743.14850807009,5580.17471537658,0.85
4290,0.251301470588235,0.210368088038179,0.0612171136191101,0.285,0.285,4743.14850807009,5580.17471537658,0.85
4300,0.251887254901961,0.210162554543289,0.061157303372097,0.285,0.285,4743.14850807009,5580.17471537658,0.85
4310,0.252473039215686,0.209958633790552,0.0610979624330505,0.285,0.285,4743.14850807009,5580.17471537658,0.85
4320,0.253058823529412,0.20975631458037,0.0610390875428876,0.285,0.285,4743.14850807009,5580.17471537658,0.85
4330,0.253644607843137,0.209555585816605,0.060980675472632,0.285,0.285,4743.14850807009,5580.17471537658,0.85
4340,0.254230392156863,0.209356436505388,0.0609227230230679,0.285,0.285,4743.14850807009,5580.17471537658,0.85
4350,0.254816176470588,0.209158855753943,0.0608652270243975,0.285,0.285,4743.14850807009,5580.17471537658,0.85
4360,0.255401960784314,0.208962832769428,0.0608081843359035,0.285,0.285,4743.14850807009,5580.17471537658,0.85
4370,0.255987745098039,0.208768356857789,0.0607515918456167,0.285,0.285,4743.14850807009,5580.17471537658,0.85
4380,0.256573529411765,0.208575417422639,0.0606954464699879,0.285,0.285,4743.14850807009,5580.17471537658,0.85
4390,0.25715931372549,0.208384003964136,0.0606397451535637,0.285,0.285,4743.14850807009,5580.17471537658,0.85
4400,0.257745098039216,0.208194106077896,0.0605844848686678,0.285,0.285,4743.14850807009,5580.17471537658,0.85
4410,0.258330882352941,0.208005713453903,0.0605296626150856,0.285,0.285,4743.14850807009,5580.17471537658,0.85
4420,0.258916666666667,0.207818815875444,0.0604752754197541,0.285,0.285,4743.14850807009,5580.17471537658,0.85
4430,0.259502450980392,0.207633403218057,0.0604213203364547,0.285,0.285,4743.14850807009,5580.17471537658,0.85
4440,0.260088235294118,0.207449465448493,0.0603677944455116,0.285,0.285,4743.14850807009,5580.17471537658,0.85
4450,0.260674019607843,0.207266992623688,0.0603146948534931,0.285,0.285,4743.14850807009,5580.17471537658,0.85
4460,0.261259803921569,0.207085974889752,0.0602620186929178,0.285,0.285,4743.14850807009,5580.17471537658,0.85
4470,0.261845588235294,0.206906402480975,0.0602097631219638,0.285,0.285,4743.14850807009,5580.17471537658,0.85
4480,0.26243137254902,0.206728265718841,0.0601579253241828,0.285,0.285,4743.14850807009,5580.17471537658,0.85
4490,0.263017156862745,0.206551555011056,0.0601065025082173,0.285,0.285,4743.14850807009,5580.17471537658,0.85
4500,0.263602941176471,0.20637626085059,0.0600554919075218,0.285,0.285,4743.14850807009,5580.17471537658,0.85
4510,0.264188725490196,0.206202373814735,0.0600048907800879,0.285,0.285,4743.14850807009,5580.17471537658,0.85
4520,0.264774509803922,0.206029884564167,0.0599546964081727,0.285,0.285,4743.14850807009,5580.17471537658,0.85
4530,0.265360294117647,0.205858783842031,0.0599049060980311,0.285,0.285,4743.14850807009,5580.17471537658,0.85
4540,0.265946078431373,0.205689062473029,0.0598555171796513,0.285,0.285,4743.14850807009,5580.17471537658,0.85
4550,0.266531862745098,0.205520711362523,0.0598065270064942,0.285,0.285,4743.14850807009,5580.17471537658,0.85
4560,0.267117647058824,0.205353721495657,0.0597579329552361,0.285,0.285,4743.14850807009,5580.17471537658,0.85
4570,0.267703431372549,0.205188083936475,0.0597097324255143,0.285,0.285,4743.14850807009,5580.17471537658,0.85
4580,0.268289215686275,0.205023789827068,0.0596619228396768,0.285,0.285,4743.14850807009,5580.17471537658,0.85
4590,0.268875,0.204860830386718,0.059614501642535,0.285,0.285,4743.14850807009,5580.17471537658,0.85
4600,0.269460784313725,0.204699196911061,0.0595674663011189,0.285,0.285,4743.14850807009,5580.17471537658,0.85
4610,0.270046568627451,0.204538880771261,0.0595208143044369,0.285,0.285,4743.14850807009,5580.17471537658,0.85
4620,0.270632352941176,0.204379873413187,0.0594745431632375,0.285,0.285,4743.14850807009,5580.17471537658,0.85
4630,0.271218137254902,0.204222166356614,0.0594286504097746,0.285,0.285,4743.14850807009,5580.17471537658,0.85
4640,0.271803921568627,0.204065751194418,0.0593831335975757,0.285,0.285,4743.14850807009,5580.17471537658,0.85
4650,0.272389705882353,0.203910619591798,0.0593379903012134,0.285,0.285,4743.14850807009,5580.17471537658,0.85
4660,0.272975490196078,0.203756763285495,0.0592932181160792,0.285,0.285,4743.14850807009,5580.17471537658,0.85
4670,0.273561274509804,0.203604174083027,0.0592488146581609,0.285,0.285,4743.14850807009,5580.17471537658,0.85
4680,0.274147058823529,0.203452843861933,0.0592047775638226,0.285,0.285,4743.14850807009,5580.17471537658,0.85
4690,0.274732843137255,0.203302764569028,0.0591611044895873,0.285,0.285,4743.14850807009,5580.17471537658,0.85
4700,0.27531862745098,0.203153928219664,0.0591177931119223,0.285,0.285,4743.14850807009,5580.17471537658,0.85
4710,0.275904411764706,0.203006326897003,0.0590748411270278,0.285,0.285,4743.14850807009,5580.17471537658,0.85
4720,0.276490196078431,0.202859952751298,0.0590322462506277,0.285,0.285,4743.14850807009,5580.17471537658,0.85
4730,0.277075980392157,0.202714797999187,0.0589900062177634,0.285,0.285,4743.14850807009,5580.17471537658,0.85
4740,0.277661764705882,0.202570854922988,0.0589481187825896,0.285,0.285,4743.14850807009,5580.17471537658,0.85
4750,0.278247549019608,0.202428115870012,0.0589065817181736,0.285,0.285,4743.14850807009,5580.17471537658,0.85
4760,0.278833333333333,0.202286573251877,0.0588653928162962,0.285,0.285,4743.14850807009,5580.17471537658,0.85
4770,0.279419117647059,0.202146219543835,0.0588245498872561,0.285,0.285,4743.14850807009,5580.17471537658,0.85
4780,0.280004901960784,0.202007047284108,0.0587840507596755,0.285,0.285,4743.14850807009,5580.17471537658,0.85
4790,0.28059068627451,0.201869049073228,0.0587438932803095,0.285,0.285,4743.14850807009,5580.17471537658,0.85
4800,0.281176470588235,0.20173221757339,0.0587040753138566,0.285,0.285,4743.14850807009,5580.17471537658,0.85
4810,0.281762254901961,0.20159654550781,0.0586645947427727,0.285,0.285,4743.14850807009,5580.17471537658,0.85
4820,0.282348039215686,0.201462025660092,0.0586254494670866,0.285,0.285,4743.14850807009,5580.17471537658,0.85
4830,0.282933823529412,0.201328650873602,0.0585866374042183,0.285,0.285,4743.14850807009,5580.17471537658,0.85
4840,0.283519607843137,0.201196414050856,0.058548156488799,0.285,0.285,4743.14850807009,5580.17471537658,0.85
4850,0.284105392156863,0.2010653081529,0.058510004672494,0.285,0.285,4743.14850807009,5580.17471537658,0.85
4860,0.284691176470588,0.200935326198719,0.0584721799238272,0.285,0.285,4743.14850807009,5580.17471537658,0.85
4870,0.285276960784314,0.200806461264634,0.0584346802280084,0.285,0.285276960784314,4743.14850807009,5580.17471537658,0.85
4880,0.285862745098039,0.200678706483717,0.0583975035867617,0.285,0.285862745098039,4743.14850807009,5580.17471537658,0.85
4890,0.286448529411765,0.200552055045214,0.0583606480181573,0.285,0.286448529411765,4743.14850807009,5580.17471537658,0.85
4900,0.28703431372549,0.200426500193967,0.0583241115564443,0.285,0.28703431372549,4743.14850807009,5580.17471537658,0.85
4910,0.287620098039216,0.200302035229849,0.0582878922518862,0.285,0.287620098039216,4743.14850807009,5580.17471537658,0.85
4920,0.288205882352941,0.200178653507209,0.0582519881705978,0.285,0.288205882352941,4743.14850807009,5580.17471537658,0.85
4930,0.288791666666667,0.200056348434312,0.0582163973943848,0.285,0.288791666666667,4743.14850807009,5580.17471537658,0.85
4940,0.289377450980392,0.1999351134728,0.0581811180205847,0.285,0.289377450980392,4743.14850807009,5580.17471537658,0.85
4950,0.289963235294118,0.199814942137149,0.0581461481619103,0.285,0.289963235294118,4743.14850807009,5580.17471537658,0.85
4960,0.290549019607843,0.199695827994138,0.0581114859462943,0.285,0.290549019607843,4743.14850807009,5580.17471537658,0.85
4970,0.291134803921569,0.199577764662324,0.0580771295167362,0.285,0.291134803921569,4743.14850807009,5580.17471537658,0.85
4980,0.291720588235294,0.199460745811517,0.0580430770311514,0.285,0.291720588235294,4743.14850807009,5580.17471537658,0.85
4990,0.29230637254902,0.199344765162273,0.0580093266622215,0.285,0.29230637254902,4743.14850807009,5580.17471537658,0.85
5000,0.292892156862745,0.199229816485383,0.0579758765972464,0.285,0.292892156862745,4743.14850807009,5580.17471537658,0.85
5010,0.293477941176471,0.199115893601371,0.057942725037999,0.285,0.293477941176471,4743.14850807009,5580.17471537658,0.85
5020,0.294063725490196,0.199002990380001,0.0579098702005804,0.285,0.294063725490196,4743.14850807009,5580.17471537658,0.85
5030,0.294649509803922,0.198891100739787,0.057877310315278,0.285,0.294649509803922,4743.14850807009,5580.17471537658,0.85
5040,0.295235294117647,0.198780218647507,0.0578450436264244,0.285,0.295235294117647,4743.14850807009,5580.17471537658,0.85
5050,0.295821078431373,0.198670338117727,0.0578130683922585,0.285,0.295821078431373,4743.14850807009,5580.17471537658,0.85
5060,0.296406862745098,0.19856145321233,0.0577813828847881,0.285,0.296406862745098,4743.14850807009,5580.17471537658,0.85
5070,0.296992647058824,0.198453558040048,0.057749985389654,0.285,0.296992647058824,4743.14850807009,5580.17471537658,0.85
5080,0.297578431372549,0.198346646756,0.0577188742059961,0.285,0.297578431372549,4743.14850807009,5580.17471537658,0.85
5090,0.298164215686274,0.198240713561238,0.0576880476463202,0.285,0.298164215686274,4743.14850807009,5580.17471537658,0.85
5100,0.29875,0.198135752702295,0.0576575040363678,0.285,0.29875,4743.14850807009,5580.17471537658,0.85
5110,0.299335784313725,0.198031758470742,0.0576272417149858,0.285,0.299335784313725,4743.14850807009,5580.17471537658,0.85
5120,0.299921568627451,0.197928725202746,0.0575972590339991,0.285,0.299921568627451,4743.14850807009,5580.17471537658,0.85
5130,0.300507352941176,0.197826647278638,0.0575675543580836,0.285,0.300507352941176,4743.14850807009,5580.17471537658,0.85
5140,0.301093137254902,0.19772551912248,0.0575381260646417,0.285,0.301093137254902,4743.14850807009,5580.17471537658,0.85
5150,0.301678921568627,0.197625335201644,0.0575089725436784,0.285,0.301678921568627,4743.14850807009,5580.17471537658,0.85
5160,0.302264705882353,0.197526090026389,0.0574800921976792,0.285,0.302264705882353,4743.14850807009,5580.17471537658,0.85
5170,0.302850490196078,0.197427778149449,0.0574514834414897,0.285,0.302850490196078,4743.14850807009,5580.17471537658,0.85
5180,0.303436274509804,0.197330394165622,0.0574231447021959,0.285,0.303436274509804,4743.14850807009,5580.17471537658,0.85
5190,0.304022058823529,0.197233932711363,0.0573950744190065,0.285,0.304022058823529,4743.14850807009,5580.17471537658,0.85
5200,0.304607843137255,0.197138388464386,0.0573672710431363,0.285,0.304607843137255,4743.14850807009,5580.17471537658,0.85
5210,0.30519362745098,0.197043756143267,0.0573397330376908,0.285,0.30519362745098,4743.14850807009,5580.17471537658,0.85
5220,0.305779411764706,0.196950030507054,0.0573124588775528,0.285,0.305779411764706,4743.14850807009,5580.17471537658,0.85
5230,0.306365196078431,0.196857206354877,0.0572854470492693,0.285,0.306365196078431,4743.14850807009,5580.17471537658,0.85
5240,0.306950980392157,0.196765278525568,0.0572586960509402,0.285,0.306950980392157,4743.14850807009,5580.17471537658,0.85
5250,0.307536764705882,0.196674241897281,0.0572322043921087,0.285,0.307536764705882,4743.14850807009,5580.17471537658,0.85
5260,0.308122549019608,0.196584091387121,0.0572059705936523,0.285,0.308122549019608,4743.14850807009,5580.17471537658,0.85
5270,0.308708333333333,0.196494821950773,0.0571799931876749,0.285,0.308708333333333,4743.14850807009,5580.17471537658,0.85
5280,0.309294117647059,0.196406428582135,0.0571542707174013,0.285,0.309294117647059,4743.14850807009,5580.17471537658,0.85
5290,0.309879901960784,0.19631890631296,0.0571288017370712,0.285,0.309879901960784,4743.14850807009,5580.17471537658,0.85
5300,0.31046568627451,0.196232250212495,0.0571035848118359,0.285,0.31046568627451,4743.14850807009,5580.17471537658,0.85
5310,0.311051470588235,0.196146455387132,0.0570786185176554,0.285,0.311051470588235,4743.14850807009,5580.17471537658,0.85
5320,0.311637254901961,0.196061516980057,0.0570539014411965,0.285,0.311637254901961,4743.14850807009,5580.17471537658,0.85
5330,0.312223039215686,0.195977430170904,0.057029432179733,0.285,0.312223039215686,4743.14850807009,5580.17471537658,0.85
5340,0.312808823529412,0.195894190175415,0.0570052093410457,0.285,0.312808823529412,4743.14850807009,5580.17471537658,0.85
5350,0.313394607843137,0.195811792245102,0.0569812315433247,0.285,0.313394607843137,4743.14850807009,5580.17471537658,0.85
5360,0.313980392156863,0.195730231666914,0.056957497415072,0.285,0.313980392156863,4743.14850807009,5580.17471537658,0.85
5370,0.314566176470588,0.195649503762906,0.0569340055950058,0.285,0.314566176470588,4743.14850807009,5580.17471537658,0.85
5380,0.315151960784314,0.195569603889914,0.056910754731965,0.285,0.315151960784314,4743.14850807009,5580.17471537658,0.85
5390,0.315737745098039,0.19549052743923,0.0568877434848161,0.285,0.315737745098039,4743.14850807009,5580.17471537658,0.85
5400,0.316323529411765,0.195412269836287,0.0568649705223595,0.285,0.316323529411765,4743.14850807009,5580.17471537658,0.85
5410,0.31690931372549,0.195334826540338,0.0568424345232384,0.285,0.31690931372549,4743.14850807009,5580.17471537658,0.85
5420,0.317495098039216,0.19525819304415,0.0568201341758476,0.285,0.317495098039216,4743.14850807009,5580.17471537658,0.85
5430,0.318080882352941,0.19518236487369,0.0567980681782439,0.285,0.318080882352941,4743.14850807009,5580.17471537658,0.85
5440,0.318666666666667,0.195107337587825,0.056776235238057,0.285,0.318666666666667,4743.14850807009,5580.17471537658,0.85
5450,0.319252450980392,0.195033106778015,0.0567546340724023,0.285,0.319252450980392,4743.14850807009,5580.17471537658,0.85
5460,0.319838235294118,0.194959668068017,0.0567332634077931,0.285,0.319838235294118,4743.14850807009,5580.17471537658,0.85
5470,0.320424019607843,0.194887017113593,0.0567121219800556,0.285,0.320424019607843,4743.14850807009,5580.17471537658,0.85
5480,0.321009803921569,0.194815149602211,0.0566912085342434,0.285,0.321009803921569,4743.14850807009,5580.17471537658,0.85
5490,0.321595588235294,0.194744061252762,0.0566705218245536,0.285,0.321595588235294,4743.14850807009,5580.17471537658,0.85
5500,0.32218137254902,0.194673747815271,0.0566500606142438,0.285,0.32218137254902,4743.14850807009,5580.17471537658,0.85
5510,0.322767156862745,0.194604205070617,0.0566298236755496,0.285,0.322767156862745,4743.14850807009,5580.17471537658,0.85
5520,0.323352941176471,0.194535428830253,0.0566098097896035,0.285,0.323352941176471,4743.14850807009,5580.17471537658,0.85
5530,0.323938725490196,0.194467414935926,0.0565900177463545,0.285,0.323938725490196,4743.14850807009,5580.17471537658,0.85
5540,0.324524509803922,0.19440015925941,0.0565704463444884,0.285,0.324524509803922,4743.14850807009,5580.17471537658,0.85
5550,0.325110294117647,0.19433365770223,0.0565510943913489,0.285,0.325110294117647,4743.14850807009,5580.17471537658,0.85
5560,0.325696078431373,0.194267906195396,0.0565319607028603,0.285,0.325696078431373,4743.14850807009,5580.17471537658,0.85
5570,0.326281862745098,0.194202900699141,0.0565130441034499,0.285,0.326281862745098,4743.14850807009,5580.17471537658,0.85
5580,0.326867647058823,0.194138637202653,0.0564943434259722,0.285,0.326867647058823,4743.14850807009,5580.17471537658,0.85
5590,0.327453431372549,0.194075111723825,0.0564758575116331,0.285,0.327453431372549,4743.14850807009,5580.17471537658,0.85
5600,0.328039215686274,0.19401232030899,0.056457585209916,0.285,0.328039215686274,4743.14850807009,5580.17471537658,0.85
5610,0.328625,0.193950259032671,0.0564395253785073,0.285,0.328625,4743.14850807009,5580.17471537658,0.85
5620,0.329210784313725,0.193888923997333,0.0564216768832238,0.285,0.329210784313725,4743.14850807009,5580.17471537658,0.85
5630,0.329796568627451,0.193828311333129,0.0564040385979407,0.285,0.329796568627451,4743.14850807009,5580.17471537658,0.85
5640,0.330382352941176,0.193768417197661,0.0563866094045195,0.285,0.330382352941176,4743.14850807009,5580.17471537658,0.85
5650,0.330968137254902,0.193709237775732,0.056369388192738,0.285,0.330968137254902,4743.14850807009,5580.17471537658,0.85
5660,0.331553921568627,0.193650769279107,0.05635237386022,0.285,0.331553921568627,4743.14850807009,5580.17471537658,0.85
5670,0.332139705882353,0.193593007946276,0.0563355653123663,0.285,0.332139705882353,4743.14850807009,5580.17471537658,0.85
5680,0.332725490196078,0.19353595004222,0.056318961462286,0.285,0.332725490196078,4743.14850807009,5580.17471537658,0.85
5690,0.333311274509804,0.193479591858175,0.056302561230729,0.285,0.333311274509804,4743.14850807009,5580.17471537658,0.85
5700,0.333897058823529,0.193423929711405,0.0562863635460188,0.285,0.333897058823529,4743.14850807009,5580.17471537658,0.85
5710,0.334482843137255,0.19336895994497,0.0562703673439864,0.285,0.334482843137255,4743.14850807009,5580.17471537658,0.85
5720,0.33506862745098,0.193314678927507,0.0562545715679044,0.285,0.33506862745098,4743.14850807009,5580.17471537658,0.85
5730,0.335654411764706,0.193261083052998,0.0562389751684224,0.285,0.335654411764706,4743.14850807009,5580.17471537658,0.85
5740,0.336240196078431,0.193208168740558,0.0562235771035023,0.285,0.336240196078431,4743.14850807009,5580.17471537658,0.85
5750,0.336825980392157,0.19315593243421,0.0562083763383551,0.285,0.336825980392157,4743.14850807009,5580.17471537658,0.85
5760,0.337411764705882,0.193104370602673,0.0561933718453779,0.285,0.337411764705882,4743.14850807009,5580.17471537658,0.85
5770,0.337997549019608,0.193053479739146,0.0561785626040913,0.285,0.337997549019608,4743.14850807009,5580.17471537658,0.85
5780,0.338583333333333,0.193003256361094,0.0561639476010784,0.285,0.338583333333333,4743.14850807009,5580.17471537658,0.85
5790,0.339169117647059,0.192953697010046,0.0561495258299233,0.285,0.339169117647059,4743.14850807009,5580.17471537658,0.85
5800,0.339754901960784,0.192904798251377,0.0561352962911507,0.285,0.339754901960784,4743.14850807009,5580.17471537658,0.85
5810,0.34034068627451,0.192856556674112,0.0561212579921666,0.285,0.34034068627451,4743.14850807009,5580.17471537658,0.85
5820,0.340926470588235,0.192808968890718,0.0561074099471989,0.285,0.340926470588235,4743.14850807009,5580.17471537658,0.85
5830,0.341512254901961,0.192762031536904,0.0560937511772391,0.285,0.341512254901961,4743.14850807009,5580.17471537658,0.85
5840,0.342098039215686,0.192715741271422,0.0560802807099838,0.285,0.342098039215686,4743.14850807009,5580.17471537658,0.85
5850,0.342683823529412,0.19267009477587,0.0560669975797783,0.285,0.342683823529412,4743.14850807009,5580.17471537658,0.85
5860,0.343269607843137,0.192625088754499,0.0560539008275591,0.285,0.343269607843137,4743.14850807009,5580.17471537658,0.85
5870,0.343855392156863,0.192580719934015,0.0560409895007983,0.285,0.343855392156863,4743.14850807009,5580.17471537658,0.85
5880,0.344441176470588,0.192536985063393,0.0560282626534475,0.285,0.344441176470588,4743.14850807009,5580.17471537658,0.85
5890,0.345026960784314,0.192493880913688,0.0560157193458833,0.285,0.345026960784314,4743.14850807009,5580.17471537658,0.85
5900,0.345612745098039,0.192451404277844,0.0560033586448525,0.285,0.345612745098039,4743.14850807009,5580.17471537658,0.85
5910,0.346198529411765,0.19240955197051,0.0559911796234184,0.285,0.346198529411765,4743.14850807009,5580.17471537658,0.85
5920,0.34678431372549,0.19236832082786,0.0559791813609073,0.285,0.34678431372549,4743.14850807009,5580.17471537658,0.85
5930,0.347370098039216,0.192327707707409,0.055967362942856,0.285,0.347370098039216,4743.14850807009,5580.17471537658,0.85
5940,0.347955882352941,0.192287709487832,0.055955723460959,0.285,0.347955882352941,4743.14850807009,5580.17471537658,0.85
5950,0.348541666666667,0.192248323068788,0.0559442620130173,0.285,0.348541666666667,4743.14850807009,5580.17471537658,0.85
5960,0.349127450980392,0.192209545370745,0.0559329777028869,0.285,0.349127450980392,4743.14850807009,5580.17471537658,0.85
5970,0.349713235294118,0.192171373334803,0.0559218696404278,0.285,0.349713235294118,4743.14850807009,5580.17471537658,0.85
5980,0.350299019607843,0.192133803922524,0.0559109369414545,0.285,0.350299019607843,4743.14850807009,5580.17471537658,0.85
5990,0.350884803921569,0.192096834115759,0.0559001787276858,0.285,0.350884803921569,4743.14850807009,5580.17471537658,0.85
6000,0.351470588235294,0.19206046091648,0.0558895941266957,0.285,0.351470588235294,4743.14850807009,5580.17471537658,0.85
6010,0.35205637254902,0.192024681346614,0.0558791822718646,0.285,0.35205637254902,4743.14850807009,5580.17471537658,0.85
6020,0.352642156862745,0.191989492447874,0.0558689423023312,0.285,0.352642156862745,4743.14850807009,5580.17471537658,0.85
6030,0.353227941176471,0.191954891281597,0.0558588733629448,0.285,0.353227941176471,4743.14850807009,5580.17471537658,0.85
6040,0.353813725490196,0.191920874928584,0.055848974604218,0.285,0.353813725490196,4743.14850807009,5580.17471537658,0.85
6050,0.354399509803922,0.191887440488934,0.0558392451822797,0.285,0.354399509803922,4743.14850807009,5580.17471537658,0.85
6060,0.354985294117647,0.191854585081887,0.055829684258829,0.285,0.354985294117647,4743.14850807009,5580.17471537658,0.85
6070,0.355571078431373,0.191822305845667,0.0558202910010891,0.285,0.355571078431373,4743.14850807009,5580.17471537658,0.85
6080,0.356156862745098,0.191790599937327,0.0558110645817622,0.285,0.356156862745098,4743.14850807009,5580.17471537658,0.85
6090,0.356742647058824,0.191759464532591,0.0558020041789841,0.285,0.356742647058824,4743.14850807009,5580.17471537658,0.85
6100,0.357328431372549,0.191728896825704,0.05579310897628,0.285,0.357328431372549,4743.14850807009,5580.17471537658,0.85
6110,0.357914215686275,0.191698894029279,0.0557843781625202,0.285,0.357914215686275,4743.14850807009,5580.17471537658,0.85
6120,0.3585,0.191669453374147,0.0557758109318767,0.285,0.3585,4743.14850807009,5580.17471537658,0.85
6130,0.359085784313725,0.191640572109208,0.0557674064837794,0.285,0.359085784313725,4743.14850807009,5580.17471537658,0.85
6140,0.359671568627451,0.191612247501285,0.055759164022874,0.285,0.359671568627451,4743.14850807009,5580.17471537658,0.85
6150,0.360257352941176,0.191584476834979,0.0557510827589789,0.285,0.360257352941176,4743.14850807009,5580.17471537658,0.85
6160,0.360843137254902,0.191557257412522,0.0557431619070439,0.285,0.360843137254902,4743.14850807009,5580.17471537658,0.85
6170,0.361428921568627,0.191530586553636,0.0557354006871081,0.285,0.361428921568627,4743.14850807009,5580.17471537658,0.85
6180,0.362014705882353,0.191504461595391,0.0557277983242587,0.285,0.362014705882353,4743.14850807009,5580.17471537658,0.85
6190,0.362600490196078,0.191478879892064,0.0557203540485907,0.285,0.362600490196078,4743.14850807009,5580.17471537658,0.85
6200,0.363186274509804,0.191453838815004,0.0557130670951662,0.285,0.363186274509804,4743.14850807009,5580.17471537658,0.85
6210,0.363772058823529,0.191429335752489,0.0557059367039742,0.285,0.363772058823529,4743.14850807009,5580.17471537658,0.85
6220,0.364357843137255,0.191405368109593,0.0556989621198916,0.285,0.364357843137255,4743.14850807009,5580.17471537658,0.85
6230,0.36494362745098,0.191381933308052,0.0556921425926432,0.285,0.36494362745098,4743.14850807009,5580.17471537658,0.85
6240,0.365529411764706,0.191359028786129,0.0556854773767635,0.285,0.365529411764706,4743.14850807009,5580.17471537658,0.85
6250,0.366115196078431,0.191336651998481,0.055678965731558,0.285,0.366115196078431,4743.14850807009,5580.17471537658,0.85
6260,0.366700980392157,0.191314800416031,0.055672606921065,0.285,0.366700980392157,4743.14850807009,5580.17471537658,0.85
6270,0.367286764705882,0.191293471525834,0.0556664002140178,0.285,0.367286764705882,4743.14850807009,5580.17471537658,0.85
6280,0.367872549019608,0.191272662830954,0.0556603448838077,0.285,0.367872549019608,4743.14850807009,5580.17471537658,0.85
6290,0.368458333333333,0.191252371850332,0.0556544402084466,0.285,0.368458333333333,4743.14850807009,5580.17471537658,0.85
6300,0.369044117647059,0.191232596118661,0.0556486854705305,0.285,0.369044117647059,4743.14850807009,5580.17471537658,0.85
6310,0.369629901960784,0.191213333186264,0.0556430799572029,0.285,0.369629901960784,4743.14850807009,5580.17471537658,0.85
6320,0.37021568627451,0.191194580618967,0.0556376229601195,0.285,0.37021568627451,4743.14850807009,5580.17471537658,0.85
6330,0.370801470588235,0.191176335997978,0.0556323137754116,0.285,0.370801470588235,4743.14850807009,5580.17471537658,0.85
6340,0.371387254901961,0.191158596919765,0.0556271517036517,0.285,0.371387254901961,4743.14850807009,5580.17471537658,0.85
6350,0.371973039215686,0.191141360995938,0.0556221360498179,0.285,0.371973039215686,4743.14850807009,5580.17471537658,0.85
6360,0.372558823529412,0.191124625853126,0.0556172661232597,0.285,0.372558823529412,4743.14850807009,5580.17471537658,0.85
6370,0.373144607843137,0.191108389132864,0.0556125412376634,0.285,0.373144607843137,4743.14850807009,5580.17471537658,0.85
6380,0.373730392156863,0.191092648491471,0.0556079607110181,0.285,0.373730392156863,4743.14850807009,5580.17471537658,0.85
6390,0.374316176470588,0.191077401599939,0.0556035238655823,0.285,0.374316176470588,4743.14850807009,5580.17471537658,0.85
6400,0.374901960784314,0.191062646143816,0.0555992300278504,0.285,0.374901960784314,4743.14850807009,5580.17471537658,0.85
6410,0.375487745098039,0.191048379823091,0.0555950785285195,0.285,0.375487745098039,4743.14850807009,5580.17471537658,0.85
6420,0.376073529411765,0.191034600352086,0.0555910687024569,0.285,0.376073529411765,4743.14850807009,5580.17471537658,0.85
6430,0.37665931372549,0.191021305459339,0.0555871998886676,0.285,0.37665931372549,4743.14850807009,5580.17471537658,0.85
6440,0.377245098039216,0.191008492887499,0.0555834714302621,0.285,0.377245098039216,4743.14850807009,5580.17471537658,0.85
6450,0.377830882352941,0.190996160393212,0.0555798826744246,0.285,0.377830882352941,4743.14850807009,5580.17471537658,0.85
6460,0.378416666666667,0.190984305747016,0.0555764329723817,0.285,0.378416666666667,4743.14850807009,5580.17471537658,0.85
6470,0.379002450980392,0.190972926733233,0.0555731216793707,0.285,0.379002450980392,4743.14850807009,5580.17471537658,0.85
6480,0.379588235294118,0.19096202114986,0.0555699481546091,0.285,0.379588235294118,4743.14850807009,5580.17471537658,0.85
6490,0.380174019607843,0.190951586808466,0.0555669117612637,0.285,0.380174019607843,4743.14850807009,5580.17471537658,0.85
6500,0.380759803921569,0.19094162153409,0.0555640118664203,0.285,0.380759803921569,4743.14850807009,5580.17471537658,0.85
6510,0.381345588235294,0.190932123165132,0.0555612478410535,0.285,0.381345588235294,4743.14850807009,5580.17471537658,0.85
6520,0.38193137254902,0.190923089553254,0.0555586190599971,0.285,0.38193137254902,4743.14850807009,5580.17471537658,0.85
6530,0.382517156862745,0.190914518563279,0.0555561249019141,0.285,0.382517156862745,4743.14850807009,5580.17471537658,0.85
6540,0.383102941176471,0.190906408073086,0.055553764749268,0.285,0.383102941176471,4743.14850807009,5580.17471537658,0.85
6550,0.383688725490196,0.190898755973517,0.0555515379882936,0.285,0.383688725490196,4743.14850807009,5580.17471537658,0.85
6560,0.384274509803922,0.190891560168274,0.0555494440089678,0.285,0.384274509803922,4743.14850807009,5580.17471537658,0.85
6570,0.384860294117647,0.190884818573821,0.0555474822049818,0.285,0.384860294117647,4743.14850807009,5580.17471537658,0.85
6580,0.385446078431373,0.190878529119287,0.0555456519737124,0.285,0.385446078431373,4743.14850807009,5580.17471537658,0.85
6590,0.386031862745098,0.190872689746373,0.0555439527161944,0.285,0.386031862745098,4743.14850807009,5580.17471537658,0.85
6600,0.386617647058824,0.190867298409253,0.0555423838370925,0.285,0.386617647058824,4743.14850807009,5580.17471537658,0.85
6610,0.387203431372549,0.190862353074482,0.0555409447446741,0.285,0.387203431372549,4743.14850807009,5580.17471537658,0.85
6620,0.387789215686274,0.190857851720901,0.055539634850782,0.285,0.387789215686274,4743.14850807009,5580.17471537658,0.85
6630,0.388375,0.190853792339545,0.0555384535708076,0.285,0.388375,4743.14850807009,5580.17471537658,0.85
6640,0.388960784313725,0.190850172933552,0.0555374003236637,0.285,0.388960784313725,4743.14850807009,5580.17471537658,0.85
6650,0.389546568627451,0.190846991518071,0.0555364745317588,0.285,0.389546568627451,4743.14850807009,5580.17471537658,0.85
6660,0.390132352941176,0.190844246120172,0.0555356756209701,0.285,0.390132352941176,4743.14850807009,5580.17471537658,0.85
6670,0.390718137254902,0.190841934778756,0.0555350030206179,0.285,0.390718137254902,4743.14850807009,5580.17471537658,0.85
6680,0.391303921568627,0.190840055544467,0.0555344561634398,0.285,0.391303921568627,4743.14850807009,5580.17471537658,0.85
6690,0.391889705882353,0.190838606479605,0.055534034485565,0.285,0.391889705882353,4743.14850807009,5580.17471537658,0.85
6700,0.392475490196078,0.190837585658039,0.0555337374264893,0.285,0.392475490196078,4743.14850807009,5580.17471537658,0.85
6710,0.393061274509804,0.190836991165119,0.0555335644290495,0.285,0.393061274509804,4743.14850807009,5580.17471537658,0.85
6720,0.393647058823529,0.190836821097592,0.0555335149393992,0.285,0.393647058823529,4743.14850807009,5580.17471537658,0.85
6730,0.394232843137255,0.190837073563517,0.0555335884069834,0.285,0.394232843137255,4743.14850807009,5580.17471537658,0.85
6740,0.39481862745098,0.190837746682182,0.0555337842845149,0.285,0.39481862745098,4743.14850807009,5580.17471537658,0.85
6750,0.395404411764706,0.190838838584018,0.0555341020279493,0.285,0.395404411764706,4743.14850807009,5580.17471537658,0.85
6760,0.395990196078431,0.190840347410522,0.0555345410964618,0.285,0.395990196078431,4743.14850807009,5580.17471537658,0.85
6770,0.396575980392157,0.190842271314167,0.0555351009524226,0.285,0.396575980392157,4743.14850807009,5580.17471537658,0.85
6780,0.397161764705882,0.19084460845833,0.0555357810613741,0.285,0.397161764705882,4743.14850807009,5580.17471537658,0.85
6790,0.397747549019608,0.190847357017206,0.055536580892007,0.285,0.397747549019608,4743.14850807009,5580.17471537658,0.85
6800,0.398333333333333,0.19085051517573,0.0555374999161375,0.285,0.398333333333333,4743.14850807009,5580.17471537658,0.85
6810,0.398919117647059,0.190854081129498,0.055538537608684,0.285,0.398919117647059,4743.14850807009,5580.17471537658,0.85
6820,0.399504901960784,0.19085805308469,0.0555396934476447,0.285,0.399504901960784,4743.14850807009,5580.17471537658,0.85
6830,0.40009068627451,0.190862429257989,0.0555409669140749,0.285,0.40009068627451,4743.14850807009,5580.17471537658,0.85
6840,0.400676470588235,0.190867207876511,0.0555423574920647,0.285,0.400676470588235,4743.14850807009,5580.17471537658,0.85
6850,0.401262254901961,0.19087238717772,0.0555438646687166,0.285,0.401262254901961,4743.14850807009,5580.17471537658,0.85
6860,0.401848039215686,0.190877965409361,0.0555454879341241,0.285,0.401848039215686,4743.14850807009,5580.17471537658,0.85
6870,0.402433823529412,0.190883940829379,0.0555472267813493,0.285,0.402433823529412,4743.14850807009,5580.17471537658,0.85
6880,0.403019607843137,0.190890311705848,0.0555490807064018,0.285,0.403019607843137,4743.14850807009,5580.17471537658,0.85
6890,0.403605392156863,0.190897076316897,0.0555510492082169,0.285,0.403605392156863,4743.14850807009,5580.17471537658,0.85
6900,0.404191176470588,0.190904232950635,0.0555531317886348,0.285,0.404191176470588,4743.14850807009,5580.17471537658,0.85
6910,0.404776960784314,0.190911779905084,0.0555553279523795,0.285,0.404776960784314,4743.14850807009,5580.17471537658,0.85
6920,0.405362745098039,0.190919715488102,0.0555576372070376,0.285,0.405362745098039,4743.14850807009,5580.17471537658,0.85
6930,0.405948529411765,0.190928038017313,0.0555600590630381,0.285,0.405948529411765,4743.14850807009,5580.17471537658,0.85
6940,0.40653431372549,0.19093674582004,0.0555625930336316,0.285,0.40653431372549,4743.14850807009,5580.17471537658,0.85
6950,0.407120098039216,0.190945837233231,0.0555652386348704,0.285,0.407120098039216,4743.14850807009,5580.17471537658,0.85
6960,0.407705882352941,0.190955310603394,0.0555679953855877,0.285,0.407705882352941,4743.14850807009,5580.17471537658,0.85
6970,0.408291666666667,0.190965164286524,0.0555708628073784,0.285,0.408291666666667,4743.14850807009,5580.17471537658,0.85
6980,0.408877450980392,0.190975396648038,0.0555738404245789,0.285,0.408877450980392,4743.14850807009,5580.17471537658,0.85
6990,0.409463235294118,0.190986006062706,0.0555769277642475,0.285,0.409463235294118,4743.14850807009,5580.17471537658,0.85
7000,0.410049019607843,0.190996990914588,0.055580124356145,0.285,0.410049019607843,4743.14850807009,5580.17471537658,0.85
7010,0.410634803921569,0.191008349596961,0.0555834297327155,0.285,0.410634803921569,4743.14850807009,5580.17471537658,0.85
7020,0.411220588235294,0.191020080512259,0.0555868434290673,0.285,0.411220588235294,4743.14850807009,5580.17471537658,0.85
7030,0.41180637254902,0.191032182072006,0.0555903649829538,0.285,0.41180637254902,4743.14850807009,5580.17471537658,0.85
7040,0.412392156862745,0.191044652696752,0.0555939939347548,0.285,0.412392156862745,4743.14850807009,5580.17471537658,0.85
7050,0.412977941176471,0.191057490816006,0.0555977298274579,0.285,0.412977941176471,4743.14850807009,5580.17471537658,0.85
7060,0.413563725490196,0.191070694868179,0.05560157220664,0.285,0.413563725490196,4743.14850807009,5580.17471537658,0.85
7070,0.414149509803922,0.191084263300512,0.055605520620449,0.285,0.414149509803922,4743.14850807009,5580.17471537658,0.85
7080,0.414735294117647,0.191098194569023,0.0556095746195857,0.285,0.414735294117647,4743.14850807009,5580.17471537658,0.85
7090,0.415321078431373,0.191112487138438,0.0556137337572855,0.285,0.415321078431373,4743.14850807009,5580.17471537658,0.85
7100,0.415906862745098,0.191127139482135,0.0556179975893012,0.285,0.415906862745098,4743.14850807009,5580.17471537658,0.85
7110,0.416492647058823,0.191142150082077,0.0556223656738844,0.285,0.416492647058823,4743.14850807009,5580.17471537658,0.85
7120,0.417078431372549,0.191157517428759,0.0556268375717688,0.285,0.417078431372549,4743.14850807009,5580.17471537658,0.85
7130,0.417664215686274,0.191173240021142,0.0556314128461522,0.285,0.417664215686274,4743.14850807009,5580.17471537658,0.85
7140,0.41825,0.191189316366597,0.0556360910626796,0.285,0.41825,4743.14850807009,5580.17471537658,0.85
7150,0.418835784313725,0.191205744980845,0.055640871789426,0.285,0.418835784313725,4743.14850807009,5580.17471537658,0.85
7160,0.419421568627451,0.191222524387901,0.0556457545968792,0.285,0.419421568627451,4743.14850807009,5580.17471537658,0.85
7170,0.420007352941176,0.191239653120011,0.0556507390579233,0.285,0.420007352941176,4743.14850807009,5580.17471537658,0.85
7180,0.420593137254902,0.191257129717601,0.0556558247478219,0.285,0.420593137254902,4743.14850807009,5580.17471537658,0.85
7190,0.421178921568627,0.191274952729214,0.0556610112442014,0.285,0.421178921568627,4743.14850807009,5580.17471537658,0.85
7200,0.421764705882353,0.19129312071146,0.0556662981270348,0.285,0.421764705882353,4743.14850807009,5580.17471537658,0.85
7210,0.422350490196078,0.191311632228953,0.0556716849786254,0.285,0.422350490196078,4743.14850807009,5580.17471537658,0.85
7220,0.422936274509804,0.191330485854263,0.0556771713835906,0.285,0.422936274509804,4743.14850807009,5580.17471537658,0.85
7230,0.423522058823529,0.191349680167855,0.0556827569288457,0.285,0.423522058823529,4743.14850807009,5580.17471537658,0.85
7240,0.424107843137255,0.191369213758036,0.0556884412035885,0.285,0.424107843137255,4743.14850807009,5580.17471537658,0.85
7250,0.42469362745098,0.191389085220904,0.0556942237992832,0.285,0.42469362745098,4743.14850807009,5580.17471537658,0.85
7260,0.425279411764706,0.191409293160291,0.0557001043096448,0.285,0.425279411764706,4743.14850807009,5580.17471537658,0.85
7270,0.425865196078431,0.191429836187711,0.0557060823306238,0.285,0.425865196078431,4743.14850807009,5580.17471537658,0.85
7280,0.426450980392157,0.191450712922305,0.0557121574603908,0.285,0.426450980392157,4743.14850807009,5580.17471537658,0.85
7290,0.427036764705882,0.191471921990794,0.0557183292993211,0.285,0.427036764705882,4743.14850807009,5580.17471537658,0.85
7300,0.427622549019608,0.191493462027422,0.0557245974499798,0.285,0.427622549019608,4743.14850807009,5580.17471537658,0.85
7310,0.428208333333333,0.191515331673906,0.0557309615171067,0.285,0.428208333333333,4743.14850807009,5580.17471537658,0.85
7320,0.428794117647059,0.191537529579387,0.0557374211076015,0.285,0.428794117647059,4743.14850807009,5580.17471537658,0.85
7330,0.429379901960784,0.191560054400375,0.0557439758305092,0.285,0.429379901960784,4743.14850807009,5580.17471537658,0.85
7340,0.42996568627451,0.191582904800705,0.0557506252970051,0.285,0.42996568627451,4743.14850807009,5580.17471537658,0.85
7350,0.430551470588235,0.19160607945148,0.0557573691203808,0.285,0.430551470588235,4743.14850807009,5580.17471537658,0.85
7360,0.431137254901961,0.191629577031029,0.0557642069160293,0.285,0.431137254901961,4743.14850807009,5580.17471537658,0.85
7370,0.431723039215686,0.19165339622485,0.0557711383014313,0.285,0.431723039215686,4743.14850807009,5580.17471537658,0.85
7380,0.432308823529412,0.191677535725569,0.0557781628961406,0.285,0.432308823529412,4743.14850807009,5580.17471537658,0.85
7390,0.432894607843137,0.191701994232888,0.0557852803217703,0.285,0.432894607843137,4743.14850807009,5580.17471537658,0.85
7400,0.433480392156863,0.191726770453535,0.0557924902019787,0.285,0.433480392156863,4743.14850807009,5580.17471537658,0.85
7410,0.434066176470588,0.191751863101223,0.055799792162456,0.285,0.434066176470588,4743.14850807009,5580.17471537658,0.85
7420,0.434651960784314,0.191777270896598,0.0558071858309099,0.285,0.434651960784314,4743.14850807009,5580.17471537658,0.85
7430,0.435237745098039,0.191802992567191,0.0558146708370524,0.285,0.435237745098039,4743.14850807009,5580.17471537658,0.85
7440,0.435823529411765,0.191829026847376,0.0558222468125865,0.285,0.435823529411765,4743.14850807009,5580.17471537658,0.85
7450,0.43640931372549,0.191855372478325,0.0558299133911924,0.285,0.43640931372549,4743.14850807009,5580.17471537658,0.85
7460,0.436995098039216,0.191882028207954,0.0558376702085147,0.285,0.436995098039216,4743.14850807009,5580.17471537658,0.85
7470,0.437580882352941,0.191908992790889,0.0558455169021488,0.285,0.437580882352941,4743.14850807009,5580.17471537658,0.85
7480,0.438166666666667,0.191936264988413,0.0558534531116282,0.285,0.438166666666667,4743.14850807009,5580.17471537658,0.85
7490,0.438752450980392,0.191963843568425,0.0558614784784116,0.285,0.438752450980392,4743.14850807009,5580.17471537658,0.85
7500,0.439338235294118,0.191991727305394,0.0558695926458696,0.285,0.439338235294118,4743.14850807009,5580.17471537658,0.85
7510,0.439924019607843,0.192019914980318,0.0558777952592726,0.285,0.439924019607843,4743.14850807009,5580.17471537658,0.85
7520,0.440509803921569,0.19204840538068,0.0558860859657778,0.285,0.440509803921569,4743.14850807009,5580.17471537658,0.85
7530,0.441095588235294,0.1920771973004,0.0558944644144164,0.285,0.441095588235294,4743.14850807009,5580.17471537658,0.85
7540,0.44168137254902,0.192106289539801,0.0559029302560821,0.285,0.44168137254902,4743.14850807009,5580.17471537658,0.85
7550,0.442267156862745,0.192135680905559,0.0559114831435176,0.285,0.442267156862745,4743.14850807009,5580.17471537658,0.85
7560,0.442852941176471,0.192165370210664,0.0559201227313032,0.285,0.442852941176471,4743.14850807009,5580.17471537658,0.85
7570,0.443438725490196,0.19219535627438,0.0559288486758445,0.285,0.443438725490196,4743.14850807009,5580.17471537658,0.85
7580,0.444024509803922,0.1922256379222,0.0559376606353601,0.285,0.444024509803922,4743.14850807009,5580.17471537658,0.85
7590,0.444610294117647,0.192256213985807,0.0559465582698699,0.285,0.444610294117647,4743.14850807009,5580.17471537658,0.85
7600,0.445196078431372,0.192287083303034,0.055955541241183,0.285,0.445196078431372,4743.14850807009,5580.17471537658,0.85
7610,0.445781862745098,0.192318244717822,0.0559646092128863,0.285,0.445781862745098,4743.14850807009,5580.17471537658,0.85
7620,0.446367647058823,0.192349697080181,0.0559737618503327,0.285,0.446367647058823,4743.14850807009,5580.17471537658,0.85
7630,0.446953431372549,0.192381439246149,0.0559829988206292,0.285,0.446953431372549,4743.14850807009,5580.17471537658,0.85
7640,0.447539215686275,0.192413470077753,0.055992319792626,0.285,0.447539215686275,4743.14850807009,5580.17471537658,0.85
7650,0.448125,0.192445788442971,0.0560017244369047,0.285,0.448125,4743.14850807009,5580.17471537658,0.85
7660,0.448710784313726,0.192478393215694,0.0560112124257669,0.285,0.448710784313726,4743.14850807009,5580.17471537658,0.85
7670,0.449296568627451,0.192511283275682,0.0560207834332235,0.285,0.449296568627451,4743.14850807009,5580.17471537658,0.85
7680,0.449882352941176,0.192544457508533,0.056030437134983,0.285,0.449882352941176,4743.14850807009,5580.17471537658,0.85
7690,0.450468137254902,0.192577914805639,0.0560401732084409,0.285,0.450468137254902,4743.14850807009,5580.17471537658,0.85
7700,0.451053921568627,0.192611654064153,0.0560499913326686,0.285,0.451053921568627,4743.14850807009,5580.17471537658,0.85
7710,0.451639705882353,0.192645674186949,0.0560598911884022,0.285,0.451639705882353,4743.14850807009,5580.17471537658,0.85
7720,0.452225490196078,0.192679974082586,0.0560698724580324,0.285,0.452225490196078,4743.14850807009,5580.17471537658,0.85
7730,0.452811274509804,0.192714552665269,0.0560799348255931,0.285,0.452811274509804,4743.14850807009,5580.17471537658,0.85
7740,0.453397058823529,0.192749408854816,0.0560900779767514,0.285,0.453397058823529,4743.14850807009,5580.17471537658,0.85
7750,0.453982843137255,0.19278454157662,0.0561003015987964,0.285,0.453982843137255,4743.14850807009,5580.17471537658,0.85
7760,0.45456862745098,0.192819949761613,0.0561106053806295,0.285,0.45456862745098,4743.14850807009,5580.17471537658,0.85
7770,0.455154411764706,0.192855632346231,0.0561209890127534,0.285,0.455154411764706,4743.14850807009,5580.17471537658,0.85
7780,0.455740196078431,0.192891588272378,0.056131452187262,0.285,0.455740196078431,4743.14850807009,5580.17471537658,0.85
7790,0.456325980392157,0.192927816487389,0.0561419945978303,0.285,0.456325980392157,4743.14850807009,5580.17471537658,0.85
7800,0.456911764705882,0.192964315944001,0.0561526159397044,0.285,0.456911764705882,4743.14850807009,5580.17471537658,0.85
7810,0.457497549019608,0.193001085600313,0.056163315909691,0.285,0.457497549019608,4743.14850807009,5580.17471537658,0.85
7820,0.458083333333333,0.193038124419751,0.0561740942061476,0.285,0.458083333333333,4743.14850807009,5580.17471537658,0.85
7830,0.458669117647059,0.193075431371041,0.0561849505289729,0.285,0.458669117647059,4743.14850807009,5580.17471537658,0.85
7840,0.459254901960784,0.193113005428167,0.0561958845795967,0.285,0.459254901960784,4743.14850807009,5580.17471537658,0.85
7850,0.45984068627451,0.193150845570343,0.0562068960609699,0.285,0.45984068627451,4743.14850807009,5580.17471537658,0.85
7860,0.460426470588235,0.193188950781977,0.0562179846775553,0.285,0.460426470588235,4743.14850807009,5580.17471537658,0.85
7870,0.461012254901961,0.193227320052639,0.0562291501353179,0.285,0.461012254901961,4743.14850807009,5580.17471537658,0.85
7880,0.461598039215686,0.193265952377028,0.0562403921417152,0.285,0.461598039215686,4743.14850807009,5580.17471537658,0.85
7890,0.462183823529412,0.19330484675494,0.0562517104056875,0.285,0.462183823529412,4743.14850807009,5580.17471537658,0.85
7900,0.462769607843137,0.193344002191235,0.0562631046376493,0.285,0.462769607843137,4743.14850807009,5580.17471537658,0.85
7910,0.463355392156863,0.193383417695805,0.0562745745494792,0.285,0.463355392156863,4743.14850807009,5580.17471537658,0.85
7920,0.463941176470588,0.193423092283543,0.056286119854511,0.285,0.463941176470588,4743.14850807009,5580.17471537658,0.85
7930,0.464526960784314,0.193463024974311,0.0562977402675246,0.285,0.464526960784314,4743.14850807009,5580.17471537658,0.85
7940,0.465112745098039,0.193503214792909,0.0563094355047366,0.285,0.465112745098039,4743.14850807009,5580.17471537658,0.85
7950,0.465698529411765,0.193543660769043,0.0563212052837916,0.285,0.465698529411765,4743.14850807009,5580.17471537658,0.85
7960,0.46628431372549,0.193584361937295,0.056333049323753,0.285,0.46628431372549,4743.14850807009,5580.17471537658,0.85
7970,0.466870098039216,0.193625317337093,0.0563449673450941,0.285,0.466870098039216,4743.14850807009,5580.17471537658,0.85
7980,0.467455882352941,0.193666526012679,0.0563569590696895,0.285,0.467455882352941,4743.14850807009,5580.17471537658,0.85
7990,0.468041666666667,0.193707987013079,0.056369024220806,0.285,0.468041666666667,4743.14850807009,5580.17471537658,0.85
8000,0.468627450980392,0.193749699392077,0.0563811625230943,0.285,0.468627450980392,4743.14850807009,5580.17471537658,0.85
